step,timestamp,reward,coverage,cov_trace,altitude,alt_idx,loop_closures,altitude_changes,frontier_count,new_cells,map_seed,difficulty,cov_alt0,cov_alt1,cov_alt2,cov_alt3
1,2.0,137.76332244205477,0.06227621483375959,0.18338778972625733,1.0,0,0,0,20,138,215,hard,0.16101238556812061,0.09562563580874874,0.0,0.0
2,4.0,114.43272638273238,0.07493606138107417,0.270482542514801,1.0,0,0,0,20,116,215,hard,0.19278406031233172,0.11597151576805696,0.0,0.0
3,6.0,78.7536887049675,0.08375959079283887,0.3508802056312561,1.0,0,0,0,20,79,215,hard,0.20786214324178784,0.1368260427263479,0.0,0.0
4,8.0,80.82371794557571,0.09283887468030691,0.44048276662826535,1.0,0,0,0,20,82,215,hard,0.22886375875067314,0.1531027466937945,0.0,0.0
5,10.0,59.45236443138122,0.09923273657289003,0.5281749439239501,1.0,0,0,0,20,54,215,hard,0.24448034464189553,0.16378433367243134,0.0,0.0
6,12.0,131.50771670770646,0.1153452685421995,0.6132662081718444,1.0,0,0,0,20,135,215,hard,0.2773290253096392,0.1968463886063072,0.0,0.0
7,14.0,-1.3226532416343688,0.1153452685421995,0.6132662081718444,1.0,0,0,0,20,0,215,hard,0.2773290253096392,0.1968463886063072,0.0,0.0
8,16.0,-1.3226532416343688,0.1153452685421995,0.6132662081718444,1.0,0,0,0,20,0,215,hard,0.2773290253096392,0.1968463886063072,0.0,0.0
9,18.0,-1.3226532416343688,0.1153452685421995,0.6132662081718444,1.0,0,0,0,20,0,215,hard,0.2773290253096392,0.1968463886063072,0.0,0.0
10,20.0,-1.3226532416343688,0.1153452685421995,0.6132662081718444,1.0,0,0,0,20,0,215,hard,0.2773290253096392,0.1968463886063072,0.0,0.0
11,22.0,-1.3226532416343688,0.1153452685421995,0.6132662081718444,1.0,0,0,0,20,0,215,hard,0.2773290253096392,0.1968463886063072,0.0,0.0
12,24.0,-1.3226532416343688,0.1153452685421995,0.6132662081718444,1.0,0,0,0,20,0,215,hard,0.2773290253096392,0.1968463886063072,0.0,0.0
13,26.0,-1.3226532416343688,0.1153452685421995,0.6132662081718444,1.0,0,0,0,20,0,215,hard,0.2773290253096392,0.1968463886063072,0.0,0.0
14,28.0,-1.3226532416343688,0.1153452685421995,0.6132662081718444,1.0,0,0,0,20,0,215,hard,0.2773290253096392,0.1968463886063072,0.0,0.0
15,30.0,-1.3226532416343688,0.1153452685421995,0.6132662081718444,1.0,0,0,0,20,0,215,hard,0.2773290253096392,0.1968463886063072,0.0,0.0
16,32.0,-1.3226532416343688,0.1153452685421995,0.6132662081718444,1.0,0,0,0,20,0,215,hard,0.2773290253096392,0.1968463886063072,0.0,0.0
17,34.0,-1.3226532416343688,0.1153452685421995,0.6132662081718444,1.0,0,0,0,20,0,215,hard,0.2773290253096392,0.1968463886063072,0.0,0.0
18,36.0,-1.3226532416343688,0.1153452685421995,0.6132662081718444,1.0,0,0,0,20,0,215,hard,0.2773290253096392,0.1968463886063072,0.0,0.0
19,38.0,-1.3226532416343688,0.1153452685421995,0.6132662081718444,1.0,0,0,0,20,0,215,hard,0.2773290253096392,0.1968463886063072,0.0,0.0
20,40.0,-1.3226532416343688,0.1153452685421995,0.6132662081718444,1.0,0,0,0,20,0,215,hard,0.2773290253096392,0.1968463886063072,0.0,0.0
21,42.0,-1.3226532416343688,0.1153452685421995,0.6132662081718444,1.0,0,0,0,20,0,215,hard,0.2773290253096392,0.1968463886063072,0.0,0.0
22,44.0,-1.3226532416343688,0.1153452685421995,0.6132662081718444,1.0,0,0,0,20,0,215,hard,0.2773290253096392,0.1968463886063072,0.0,0.0
23,46.0,-1.3226532416343688,0.1153452685421995,0.6132662081718444,1.0,0,0,0,20,0,215,hard,0.2773290253096392,0.1968463886063072,0.0,0.0
24,48.0,-1.3226532416343688,0.1153452685421995,0.6132662081718444,1.0,0,0,0,20,0,215,hard,0.2773290253096392,0.1968463886063072,0.0,0.0
25,50.0,-1.3226532416343688,0.1153452685421995,0.6132662081718444,1.0,0,0,0,20,0,215,hard,0.2773290253096392,0.1968463886063072,0.0,0.0
26,52.0,-1.3226532416343688,0.1153452685421995,0.6132662081718444,1.0,0,0,0,20,0,215,hard,0.2773290253096392,0.1968463886063072,0.0,0.0
27,54.0,-1.3226532416343688,0.1153452685421995,0.6132662081718444,1.0,0,0,0,20,0,215,hard,0.2773290253096392,0.1968463886063072,0.0,0.0
28,56.0,-1.3226532416343688,0.1153452685421995,0.6132662081718444,1.0,0,0,0,20,0,215,hard,0.2773290253096392,0.1968463886063072,0.0,0.0
29,58.0,-1.3226532416343688,0.1153452685421995,0.6132662081718444,1.0,0,0,0,20,0,215,hard,0.2773290253096392,0.1968463886063072,0.0,0.0
30,60.0,-1.3226532416343688,0.1153452685421995,0.6132662081718444,1.0,0,0,0,20,0,215,hard,0.2773290253096392,0.1968463886063072,0.0,0.0
31,62.0,-1.3226532416343688,0.1153452685421995,0.6132662081718444,1.0,0,0,0,20,0,215,hard,0.2773290253096392,0.1968463886063072,0.0,0.0
32,64.0,-1.3226532416343688,0.1153452685421995,0.6132662081718444,1.0,0,0,0,20,0,215,hard,0.2773290253096392,0.1968463886063072,0.0,0.0
33,66.0,-0.3226532416343689,0.1153452685421995,0.6132662081718444,1.0,0,0,0,20,0,215,hard,0.2773290253096392,0.1968463886063072,0.0,0.0
34,68.0,72.83091501283646,0.12365728900255754,0.6988299345970153,1.0,0,0,0,20,70,215,hard,0.2929456112008616,0.21515768056968465,0.0,0.0
35,70.0,87.53168290519714,0.13375959079283886,0.7857840824127196,1.0,0,0,0,20,89,215,hard,0.31448572967151317,0.23499491353001017,0.0,0.0
36,72.0,68.6117874250412,0.14168797953964193,0.8758696985244749,1.0,0,0,0,20,72,215,hard,0.32848680667743674,0.2533062054933876,0.0,0.0
37,74.0,88.47526132631302,0.1510230179028133,0.9616812682151793,1.0,0,0,0,20,87,215,hard,0.34948842218632203,0.2706002034587996,0.0,0.0
38,76.0,-1.3923362536430357,0.1510230179028133,0.9616812682151793,1.0,0,0,0,20,0,215,hard,0.34948842218632203,0.2706002034587996,0.0,0.0
39,78.0,-1.3923362536430357,0.1510230179028133,0.9616812682151793,1.0,0,0,0,20,0,215,hard,0.34948842218632203,0.2706002034587996,0.0,0.0
40,80.0,-1.3923362536430357,0.1510230179028133,0.9616812682151793,1.0,0,0,0,20,0,215,hard,0.34948842218632203,0.2706002034587996,0.0,0.0
41,82.0,-1.3923362536430357,0.1510230179028133,0.9616812682151793,1.0,0,0,0,20,0,215,hard,0.34948842218632203,0.2706002034587996,0.0,0.0
42,84.0,-1.3923362536430357,0.1510230179028133,0.9616812682151793,1.0,0,0,0,20,0,215,hard,0.34948842218632203,0.2706002034587996,0.0,0.0
43,86.0,-1.3923362536430357,0.1510230179028133,0.9616812682151793,1.0,0,0,0,20,0,215,hard,0.34948842218632203,0.2706002034587996,0.0,0.0
44,88.0,-1.3923362536430357,0.1510230179028133,0.9616812682151793,1.0,0,0,0,20,0,215,hard,0.34948842218632203,0.2706002034587996,0.0,0.0
45,90.0,11.428009881019593,0.15242966751918158,1.0485263395309448,1.0,0,0,0,20,14,215,hard,0.3527194399569198,0.27314343845371314,0.0,0.0
46,92.0,-1.409705267906189,0.15242966751918158,1.0485263395309448,1.0,0,0,0,20,0,215,hard,0.3527194399569198,0.27314343845371314,0.0,0.0
47,94.0,-1.409705267906189,0.15242966751918158,1.0485263395309448,1.0,0,0,0,20,0,215,hard,0.3527194399569198,0.27314343845371314,0.0,0.0
48,96.0,-1.409705267906189,0.15242966751918158,1.0485263395309448,1.0,0,0,0,20,0,215,hard,0.3527194399569198,0.27314343845371314,0.0,0.0
49,98.0,-1.409705267906189,0.15242966751918158,1.0485263395309448,1.0,0,0,0,20,0,215,hard,0.3527194399569198,0.27314343845371314,0.0,0.0
50,100.0,-1.409705267906189,0.15242966751918158,1.0485263395309448,1.0,0,0,0,20,0,215,hard,0.3527194399569198,0.27314343845371314,0.0,0.0
51,102.0,-1.409705267906189,0.15242966751918158,1.0485263395309448,1.0,0,0,0,20,0,215,hard,0.3527194399569198,0.27314343845371314,0.0,0.0
52,104.0,-1.409705267906189,0.15242966751918158,1.0485263395309448,1.0,0,0,0,20,0,215,hard,0.3527194399569198,0.27314343845371314,0.0,0.0
53,106.0,-1.409705267906189,0.15242966751918158,1.0485263395309448,1.0,0,0,0,20,0,215,hard,0.3527194399569198,0.27314343845371314,0.0,0.0
54,108.0,-1.409705267906189,0.15242966751918158,1.0485263395309448,1.0,0,0,0,20,0,215,hard,0.3527194399569198,0.27314343845371314,0.0,0.0
55,110.0,-1.409705267906189,0.15242966751918158,1.0485263395309448,1.0,0,0,0,20,0,215,hard,0.3527194399569198,0.27314343845371314,0.0,0.0
56,112.0,-1.409705267906189,0.15242966751918158,1.0485263395309448,1.0,0,0,0,20,0,215,hard,0.3527194399569198,0.27314343845371314,0.0,0.0
57,114.0,-1.409705267906189,0.15242966751918158,1.0485263395309448,1.0,0,0,0,20,0,215,hard,0.3527194399569198,0.27314343845371314,0.0,0.0
58,116.0,-1.409705267906189,0.15242966751918158,1.0485263395309448,1.0,0,0,0,20,0,215,hard,0.3527194399569198,0.27314343845371314,0.0,0.0
59,118.0,-1.409705267906189,0.15242966751918158,1.0485263395309448,1.0,0,0,0,20,0,215,hard,0.3527194399569198,0.27314343845371314,0.0,0.0
60,120.0,-1.409705267906189,0.15242966751918158,1.0485263395309448,1.0,0,0,0,20,0,215,hard,0.3527194399569198,0.27314343845371314,0.0,0.0
61,122.0,-1.409705267906189,0.15242966751918158,1.0485263395309448,1.0,0,0,0,20,0,215,hard,0.3527194399569198,0.27314343845371314,0.0,0.0
62,124.0,-1.409705267906189,0.15242966751918158,1.0485263395309448,1.0,0,0,0,20,0,215,hard,0.3527194399569198,0.27314343845371314,0.0,0.0
63,126.0,-1.409705267906189,0.15242966751918158,1.0485263395309448,1.0,0,0,0,20,0,215,hard,0.3527194399569198,0.27314343845371314,0.0,0.0
64,128.0,-1.409705267906189,0.15242966751918158,1.0485263395309448,1.0,0,0,0,20,0,215,hard,0.3527194399569198,0.27314343845371314,0.0,0.0
65,130.0,-1.409705267906189,0.15242966751918158,1.0485263395309448,1.0,0,0,0,20,0,215,hard,0.3527194399569198,0.27314343845371314,0.0,0.0
66,132.0,-1.409705267906189,0.15242966751918158,1.0485263395309448,1.0,0,0,0,20,0,215,hard,0.3527194399569198,0.27314343845371314,0.0,0.0
67,134.0,-1.409705267906189,0.15242966751918158,1.0485263395309448,1.0,0,0,0,20,0,215,hard,0.3527194399569198,0.27314343845371314,0.0,0.0
68,136.0,-1.409705267906189,0.15242966751918158,1.0485263395309448,1.0,0,0,0,20,0,215,hard,0.3527194399569198,0.27314343845371314,0.0,0.0
69,138.0,-1.409705267906189,0.15242966751918158,1.0485263395309448,1.0,0,0,0,20,0,215,hard,0.3527194399569198,0.27314343845371314,0.0,0.0
70,140.0,-1.409705267906189,0.15242966751918158,1.0485263395309448,1.0,0,0,0,20,0,215,hard,0.3527194399569198,0.27314343845371314,0.0,0.0
71,142.0,-1.409705267906189,0.15242966751918158,1.0485263395309448,1.0,0,0,0,20,0,215,hard,0.3527194399569198,0.27314343845371314,0.0,0.0
72,144.0,244.5602947320938,0.1792838874680307,1.1985263395309447,2.0,1,0,1,20,223,215,hard,0.3527194399569198,0.3056968463886063,0.07370015143866734,0.0
73,146.0,172.75787712812425,0.19872122762148337,1.289324915409088,2.0,1,0,1,20,170,215,hard,0.3753365643511039,0.33621566632756866,0.0989399293286219,0.0
74,148.0,151.69690377712251,0.21751918158567776,1.3767920732498167,2.0,1,0,1,20,157,215,hard,0.3769520732364028,0.38606307222787384,0.12216052498738011,0.0
75,150.0,249.4019490389824,0.23861892583120203,1.4647039628028868,2.0,1,0,1,20,189,215,hard,0.39687668282175553,0.4262461851475076,0.1468955073195356,0.0
76,152.0,118.55544831085204,0.24475703324808185,1.5515328979492187,2.0,1,0,1,20,56,215,hard,0.40064620355411956,0.43947100712105797,0.15446744068652196,0.0
77,154.0,169.41684091329574,0.26560102301790284,1.6421481251716612,2.0,1,0,1,20,168,215,hard,0.42326332794830374,0.47812817904374366,0.17718324078748107,0.0
78,156.0,130.14482781744005,0.2809462915601023,1.7342797589302061,2.0,1,0,1,20,136,215,hard,0.4378029079159935,0.5030518819938963,0.1993942453306411,0.0
79,158.0,95.94244616556168,0.28964194373401536,1.8262785410881042,2.0,1,0,1,20,96,215,hard,0.4507269789983845,0.5111902339776195,0.21352852094901564,0.0
80,160.0,19.517085008621216,0.2918158567774936,1.916484212875366,2.0,1,0,1,20,23,215,hard,0.45234248788368336,0.5167853509664293,0.21504290762241293,0.0
81,162.0,29.183004625797274,0.2948849104859335,2.0065190386772156,2.0,1,0,1,20,26,215,hard,0.45395799676898224,0.5244150559511699,0.21807168096920748,0.0
82,164.0,17.430979978561403,0.29769820971867006,2.096522035598755,2.0,1,0,1,20,23,215,hard,0.45395799676898224,0.5305188199389623,0.22311963654719838,0.0
83,166.0,46.63747827148437,0.3030690537084399,2.1844309997558593,2.0,1,0,1,20,45,215,hard,0.45718901453957994,0.539674465920651,0.23220595658758203,0.0
84,168.0,76.76258727931976,0.31202046035805625,2.27480926990509,2.0,1,0,1,20,77,215,hard,0.4641895530425417,0.5523906408952187,0.24835941443715295,0.0
85,170.0,92.16443060970306,0.32250639386189256,2.36481098651886,2.0,1,0,1,20,93,215,hard,0.4728056004308024,0.5671414038657172,0.2670368500757193,0.0
86,172.0,175.74528450775148,0.34335038363171355,2.4553792572021482,2.0,1,0,1,20,173,215,hard,0.5142703284868066,0.5885045778229908,0.28924785461887936,0.0
87,174.0,84.22889635372161,0.35153452685421993,2.546418080329895,2.0,1,0,1,20,89,215,hard,0.5250403877221325,0.5996948118006104,0.3003533568904594,0.0
88,176.0,2.0556948041915892,0.35153452685421993,2.639057946205139,2.0,1,0,1,20,0,215,hard,0.5250403877221325,0.5996948118006104,0.3003533568904594,0.0
89,178.0,8.254089513778688,0.3523017902813299,2.7295524311065673,2.0,1,0,1,20,9,215,hard,0.5250403877221325,0.6007121057985758,0.30237253912165574,0.0
90,180.0,40.96588969230652,0.3567774936061381,2.8194525241851807,2.0,1,0,1,20,45,215,hard,0.5385029617662898,0.6007121057985758,0.30742049469964666,0.0
91,182.0,19.218034164428712,0.358695652173913,2.9098291778564453,2.0,1,0,1,20,20,215,hard,0.539041464728056,0.6047812817904374,0.3104492680464412,0.0
92,184.0,50.17991564130783,0.3636828644501279,2.998383409976959,2.0,1,0,1,20,45,215,hard,0.5422724824986538,0.615971515768057,0.3160020191822312,0.0
93,186.0,17.70364298963547,0.3661125319693095,3.0840427803993222,2.0,1,0,1,20,20,215,hard,0.5449649973074852,0.6220752797558494,0.31701161029782937,0.0
94,188.0,51.23209147071838,0.3721227621483376,3.163863439559936,2.0,1,0,1,20,52,215,hard,0.5519655358104469,0.6327568667344863,0.32357395254921756,0.0
95,190.0,22.149034110069277,0.3741687979539642,3.254829449653625,2.0,1,0,1,20,23,215,hard,0.5535810446957459,0.6373346897253306,0.3255931347804139,0.0
96,192.0,29.13254661989212,0.3776214833759591,3.337266900539398,2.0,1,0,1,20,30,215,hard,0.5584275713516424,0.641912512716175,0.33013629480060575,0.0
97,194.0,-1.8674533801078796,0.3776214833759591,3.337266900539398,2.0,1,0,1,20,0,215,hard,0.5584275713516424,0.641912512716175,0.33013629480060575,0.0
98,196.0,-1.8674533801078796,0.3776214833759591,3.337266900539398,2.0,1,0,1,20,0,215,hard,0.5584275713516424,0.641912512716175,0.33013629480060575,0.0
99,198.0,-1.8674533801078796,0.3776214833759591,3.337266900539398,2.0,1,0,1,20,0,215,hard,0.5584275713516424,0.641912512716175,0.33013629480060575,0.0
100,200.0,-1.8674533801078796,0.3776214833759591,3.337266900539398,2.0,1,0,1,20,0,215,hard,0.5584275713516424,0.641912512716175,0.33013629480060575,0.0
101,202.0,-1.8674533801078796,0.3776214833759591,3.337266900539398,2.0,1,0,1,20,0,215,hard,0.5584275713516424,0.641912512716175,0.33013629480060575,0.0
102,204.0,-1.8674533801078796,0.3776214833759591,3.337266900539398,2.0,1,0,1,20,0,215,hard,0.5584275713516424,0.641912512716175,0.33013629480060575,0.0
103,206.0,-1.8674533801078796,0.3776214833759591,3.337266900539398,2.0,1,0,1,20,0,215,hard,0.5584275713516424,0.641912512716175,0.33013629480060575,0.0
104,208.0,-1.8674533801078796,0.3776214833759591,3.337266900539398,2.0,1,0,1,20,0,215,hard,0.5584275713516424,0.641912512716175,0.33013629480060575,0.0
105,210.0,-1.8674533801078796,0.3776214833759591,3.337266900539398,2.0,1,0,1,20,0,215,hard,0.5584275713516424,0.641912512716175,0.33013629480060575,0.0
106,212.0,-1.8674533801078796,0.3776214833759591,3.337266900539398,2.0,1,0,1,20,0,215,hard,0.5584275713516424,0.641912512716175,0.33013629480060575,0.0
107,214.0,-1.8674533801078796,0.3776214833759591,3.337266900539398,2.0,1,0,1,20,0,215,hard,0.5584275713516424,0.641912512716175,0.33013629480060575,0.0
108,216.0,-1.8674533801078796,0.3776214833759591,3.337266900539398,2.0,1,0,1,20,0,215,hard,0.5584275713516424,0.641912512716175,0.33013629480060575,0.0
109,218.0,-1.8674533801078796,0.3776214833759591,3.337266900539398,2.0,1,0,1,20,0,215,hard,0.5584275713516424,0.641912512716175,0.33013629480060575,0.0
110,220.0,-1.8674533801078796,0.3776214833759591,3.337266900539398,2.0,1,0,1,20,0,215,hard,0.5584275713516424,0.641912512716175,0.33013629480060575,0.0
111,222.0,-1.8674533801078796,0.3776214833759591,3.337266900539398,2.0,1,0,1,20,0,215,hard,0.5584275713516424,0.641912512716175,0.33013629480060575,0.0
112,224.0,-1.8674533801078796,0.3776214833759591,3.337266900539398,2.0,1,0,1,20,0,215,hard,0.5584275713516424,0.641912512716175,0.33013629480060575,0.0
113,226.0,54.11454537391662,0.3838874680306905,3.4272731304168698,2.0,1,0,1,20,55,215,hard,0.5681206246634356,0.6500508646998983,0.3377082281675921,0.0
114,228.0,-1.885454626083374,0.3838874680306905,3.4272731304168698,2.0,1,0,1,20,0,215,hard,0.5681206246634356,0.6500508646998983,0.3377082281675921,0.0
115,230.0,-1.885454626083374,0.3838874680306905,3.4272731304168698,2.0,1,0,1,20,0,215,hard,0.5681206246634356,0.6500508646998983,0.3377082281675921,0.0
116,232.0,-1.885454626083374,0.3838874680306905,3.4272731304168698,2.0,1,0,1,20,0,215,hard,0.5681206246634356,0.6500508646998983,0.3377082281675921,0.0
117,234.0,-1.885454626083374,0.3838874680306905,3.4272731304168698,2.0,1,0,1,20,0,215,hard,0.5681206246634356,0.6500508646998983,0.3377082281675921,0.0
118,236.0,-1.885454626083374,0.3838874680306905,3.4272731304168698,2.0,1,0,1,20,0,215,hard,0.5681206246634356,0.6500508646998983,0.3377082281675921,0.0
119,238.0,-1.885454626083374,0.3838874680306905,3.4272731304168698,2.0,1,0,1,20,0,215,hard,0.5681206246634356,0.6500508646998983,0.3377082281675921,0.0
120,240.0,-1.885454626083374,0.3838874680306905,3.4272731304168698,2.0,1,0,1,20,0,215,hard,0.5681206246634356,0.6500508646998983,0.3377082281675921,0.0
121,242.0,-1.885454626083374,0.3838874680306905,3.4272731304168698,2.0,1,0,1,20,0,215,hard,0.5681206246634356,0.6500508646998983,0.3377082281675921,0.0
122,244.0,-16.885454626083373,0.3838874680306905,3.4272731304168698,2.0,1,0,1,20,0,215,hard,0.5681206246634356,0.6500508646998983,0.3377082281675921,0.0
123,246.0,-1.885454626083374,0.3838874680306905,3.4272731304168698,2.0,1,0,1,20,0,215,hard,0.5681206246634356,0.6500508646998983,0.3377082281675921,0.0
124,248.0,-1.885454626083374,0.3838874680306905,3.4272731304168698,2.0,1,0,1,20,0,215,hard,0.5681206246634356,0.6500508646998983,0.3377082281675921,0.0
125,250.0,-1.885454626083374,0.3838874680306905,3.4272731304168698,2.0,1,0,1,20,0,215,hard,0.5681206246634356,0.6500508646998983,0.3377082281675921,0.0
126,252.0,-1.885454626083374,0.3838874680306905,3.4272731304168698,2.0,1,0,1,20,0,215,hard,0.5681206246634356,0.6500508646998983,0.3377082281675921,0.0
127,254.0,-1.885454626083374,0.3838874680306905,3.4272731304168698,2.0,1,0,1,20,0,215,hard,0.5681206246634356,0.6500508646998983,0.3377082281675921,0.0
128,256.0,-1.885454626083374,0.3838874680306905,3.4272731304168698,2.0,1,0,1,20,0,215,hard,0.5681206246634356,0.6500508646998983,0.3377082281675921,0.0
129,258.0,-1.885454626083374,0.3838874680306905,3.4272731304168698,2.0,1,0,1,20,0,215,hard,0.5681206246634356,0.6500508646998983,0.3377082281675921,0.0
130,260.0,-1.885454626083374,0.3838874680306905,3.4272731304168698,2.0,1,0,1,20,0,215,hard,0.5681206246634356,0.6500508646998983,0.3377082281675921,0.0
131,262.0,-1.885454626083374,0.3838874680306905,3.4272731304168698,2.0,1,0,1,20,0,215,hard,0.5681206246634356,0.6500508646998983,0.3377082281675921,0.0
132,264.0,-1.885454626083374,0.3838874680306905,3.4272731304168698,2.0,1,0,1,20,0,215,hard,0.5681206246634356,0.6500508646998983,0.3377082281675921,0.0
133,266.0,-1.885454626083374,0.3838874680306905,3.4272731304168698,2.0,1,0,1,20,0,215,hard,0.5681206246634356,0.6500508646998983,0.3377082281675921,0.0
134,268.0,-1.885454626083374,0.3838874680306905,3.4272731304168698,2.0,1,0,1,20,0,215,hard,0.5681206246634356,0.6500508646998983,0.3377082281675921,0.0
135,270.0,-1.885454626083374,0.3838874680306905,3.4272731304168698,2.0,1,0,1,20,0,215,hard,0.5681206246634356,0.6500508646998983,0.3377082281675921,0.0
136,272.0,-1.885454626083374,0.3838874680306905,3.4272731304168698,2.0,1,0,1,20,0,215,hard,0.5681206246634356,0.6500508646998983,0.3377082281675921,0.0
137,274.0,-1.885454626083374,0.3838874680306905,3.4272731304168698,2.0,1,0,1,20,0,215,hard,0.5681206246634356,0.6500508646998983,0.3377082281675921,0.0
138,276.0,-1.885454626083374,0.3838874680306905,3.4272731304168698,2.0,1,0,1,20,0,215,hard,0.5681206246634356,0.6500508646998983,0.3377082281675921,0.0
139,278.0,-1.885454626083374,0.3838874680306905,3.4272731304168698,2.0,1,0,1,20,0,215,hard,0.5681206246634356,0.6500508646998983,0.3377082281675921,0.0
140,280.0,-0.885454626083374,0.3838874680306905,3.4272731304168698,2.0,1,0,1,20,0,215,hard,0.5681206246634356,0.6500508646998983,0.3377082281675921,0.0
141,282.0,-1.885454626083374,0.3838874680306905,3.4272731304168698,2.0,1,0,1,20,0,215,hard,0.5681206246634356,0.6500508646998983,0.3377082281675921,0.0
142,284.0,-1.885454626083374,0.3838874680306905,3.4272731304168698,2.0,1,0,1,20,0,215,hard,0.5681206246634356,0.6500508646998983,0.3377082281675921,0.0
143,286.0,-1.885454626083374,0.3838874680306905,3.4272731304168698,2.0,1,0,1,20,0,215,hard,0.5681206246634356,0.6500508646998983,0.3377082281675921,0.0
144,288.0,-1.885454626083374,0.3838874680306905,3.4272731304168698,2.0,1,0,1,20,0,215,hard,0.5681206246634356,0.6500508646998983,0.3377082281675921,0.0
145,290.0,-1.885454626083374,0.3838874680306905,3.4272731304168698,2.0,1,0,1,20,0,215,hard,0.5681206246634356,0.6500508646998983,0.3377082281675921,0.0
146,292.0,-1.885454626083374,0.3838874680306905,3.4272731304168698,2.0,1,0,1,20,0,215,hard,0.5681206246634356,0.6500508646998983,0.3377082281675921,0.0
147,294.0,-16.885454626083373,0.3838874680306905,3.4272731304168698,2.0,1,0,1,20,0,215,hard,0.5681206246634356,0.6500508646998983,0.3377082281675921,0.0
148,296.0,-1.885454626083374,0.3838874680306905,3.4272731304168698,2.0,1,0,1,20,0,215,hard,0.5681206246634356,0.6500508646998983,0.3377082281675921,0.0
149,298.0,-1.885454626083374,0.3838874680306905,3.4272731304168698,2.0,1,0,1,20,0,215,hard,0.5681206246634356,0.6500508646998983,0.3377082281675921,0.0
150,300.0,-1.885454626083374,0.3838874680306905,3.4272731304168698,2.0,1,0,1,20,0,215,hard,0.5681206246634356,0.6500508646998983,0.3377082281675921,0.0
151,302.0,-1.885454626083374,0.3838874680306905,3.4272731304168698,2.0,1,0,1,20,0,215,hard,0.5681206246634356,0.6500508646998983,0.3377082281675921,0.0
152,304.0,-1.885454626083374,0.3838874680306905,3.4272731304168698,2.0,1,0,1,20,0,215,hard,0.5681206246634356,0.6500508646998983,0.3377082281675921,0.0
153,306.0,-1.885454626083374,0.3838874680306905,3.4272731304168698,2.0,1,0,1,20,0,215,hard,0.5681206246634356,0.6500508646998983,0.3377082281675921,0.0
154,308.0,-1.885454626083374,0.3838874680306905,3.4272731304168698,2.0,1,0,1,20,0,215,hard,0.5681206246634356,0.6500508646998983,0.3377082281675921,0.0
155,310.0,-1.885454626083374,0.3838874680306905,3.4272731304168698,2.0,1,0,1,20,0,215,hard,0.5681206246634356,0.6500508646998983,0.3377082281675921,0.0
156,312.0,-1.885454626083374,0.3838874680306905,3.4272731304168698,2.0,1,0,1,20,0,215,hard,0.5681206246634356,0.6500508646998983,0.3377082281675921,0.0
157,314.0,-1.885454626083374,0.3838874680306905,3.4272731304168698,2.0,1,0,1,20,0,215,hard,0.5681206246634356,0.6500508646998983,0.3377082281675921,0.0
158,316.0,-1.885454626083374,0.3838874680306905,3.4272731304168698,2.0,1,0,1,20,0,215,hard,0.5681206246634356,0.6500508646998983,0.3377082281675921,0.0
159,318.0,-1.885454626083374,0.3838874680306905,3.4272731304168698,2.0,1,0,1,20,0,215,hard,0.5681206246634356,0.6500508646998983,0.3377082281675921,0.0
160,320.0,-1.885454626083374,0.3838874680306905,3.4272731304168698,2.0,1,0,1,20,0,215,hard,0.5681206246634356,0.6500508646998983,0.3377082281675921,0.0
161,322.0,-1.885454626083374,0.3838874680306905,3.4272731304168698,2.0,1,0,1,20,0,215,hard,0.5681206246634356,0.6500508646998983,0.3377082281675921,0.0
162,324.0,-1.885454626083374,0.3838874680306905,3.4272731304168698,2.0,1,0,1,20,0,215,hard,0.5681206246634356,0.6500508646998983,0.3377082281675921,0.0
163,326.0,-1.885454626083374,0.3838874680306905,3.4272731304168698,2.0,1,0,1,20,0,215,hard,0.5681206246634356,0.6500508646998983,0.3377082281675921,0.0
164,328.0,-1.885454626083374,0.3838874680306905,3.4272731304168698,2.0,1,0,1,20,0,215,hard,0.5681206246634356,0.6500508646998983,0.3377082281675921,0.0
165,330.0,-1.885454626083374,0.3838874680306905,3.4272731304168698,2.0,1,0,1,20,0,215,hard,0.5681206246634356,0.6500508646998983,0.3377082281675921,0.0
166,332.0,-0.885454626083374,0.3838874680306905,3.4272731304168698,2.0,1,0,1,20,0,215,hard,0.5681206246634356,0.6500508646998983,0.3377082281675921,0.0
167,334.0,-1.885454626083374,0.3838874680306905,3.4272731304168698,2.0,1,0,1,20,0,215,hard,0.5681206246634356,0.6500508646998983,0.3377082281675921,0.0
168,336.0,-1.885454626083374,0.3838874680306905,3.4272731304168698,2.0,1,0,1,20,0,215,hard,0.5681206246634356,0.6500508646998983,0.3377082281675921,0.0
169,338.0,-1.885454626083374,0.3838874680306905,3.4272731304168698,2.0,1,0,1,20,0,215,hard,0.5681206246634356,0.6500508646998983,0.3377082281675921,0.0
170,340.0,-1.885454626083374,0.3838874680306905,3.4272731304168698,2.0,1,0,1,20,0,215,hard,0.5681206246634356,0.6500508646998983,0.3377082281675921,0.0
171,342.0,-1.885454626083374,0.3838874680306905,3.4272731304168698,2.0,1,0,1,20,0,215,hard,0.5681206246634356,0.6500508646998983,0.3377082281675921,0.0
172,344.0,-16.885454626083373,0.3838874680306905,3.4272731304168698,2.0,1,0,1,20,0,215,hard,0.5681206246634356,0.6500508646998983,0.3377082281675921,0.0
173,346.0,-1.885454626083374,0.3838874680306905,3.4272731304168698,2.0,1,0,1,20,0,215,hard,0.5681206246634356,0.6500508646998983,0.3377082281675921,0.0
174,348.0,-1.885454626083374,0.3838874680306905,3.4272731304168698,2.0,1,0,1,20,0,215,hard,0.5681206246634356,0.6500508646998983,0.3377082281675921,0.0
175,350.0,-1.885454626083374,0.3838874680306905,3.4272731304168698,2.0,1,0,1,20,0,215,hard,0.5681206246634356,0.6500508646998983,0.3377082281675921,0.0
176,352.0,-1.885454626083374,0.3838874680306905,3.4272731304168698,2.0,1,0,1,20,0,215,hard,0.5681206246634356,0.6500508646998983,0.3377082281675921,0.0
177,354.0,-1.885454626083374,0.3838874680306905,3.4272731304168698,2.0,1,0,1,20,0,215,hard,0.5681206246634356,0.6500508646998983,0.3377082281675921,0.0
178,356.0,-1.885454626083374,0.3838874680306905,3.4272731304168698,2.0,1,0,1,20,0,215,hard,0.5681206246634356,0.6500508646998983,0.3377082281675921,0.0
179,358.0,-1.885454626083374,0.3838874680306905,3.4272731304168698,2.0,1,0,1,20,0,215,hard,0.5681206246634356,0.6500508646998983,0.3377082281675921,0.0
180,360.0,-1.885454626083374,0.3838874680306905,3.4272731304168698,2.0,1,0,1,20,0,215,hard,0.5681206246634356,0.6500508646998983,0.3377082281675921,0.0
181,362.0,-1.885454626083374,0.3838874680306905,3.4272731304168698,2.0,1,0,1,20,0,215,hard,0.5681206246634356,0.6500508646998983,0.3377082281675921,0.0
182,364.0,-1.885454626083374,0.3838874680306905,3.4272731304168698,2.0,1,0,1,20,0,215,hard,0.5681206246634356,0.6500508646998983,0.3377082281675921,0.0
183,366.0,-1.885454626083374,0.3838874680306905,3.4272731304168698,2.0,1,0,1,20,0,215,hard,0.5681206246634356,0.6500508646998983,0.3377082281675921,0.0
184,368.0,-1.885454626083374,0.3838874680306905,3.4272731304168698,2.0,1,0,1,20,0,215,hard,0.5681206246634356,0.6500508646998983,0.3377082281675921,0.0
185,370.0,-1.885454626083374,0.3838874680306905,3.4272731304168698,2.0,1,0,1,20,0,215,hard,0.5681206246634356,0.6500508646998983,0.3377082281675921,0.0
186,372.0,-1.885454626083374,0.3838874680306905,3.4272731304168698,2.0,1,0,1,20,0,215,hard,0.5681206246634356,0.6500508646998983,0.3377082281675921,0.0
187,374.0,-1.885454626083374,0.3838874680306905,3.4272731304168698,2.0,1,0,1,20,0,215,hard,0.5681206246634356,0.6500508646998983,0.3377082281675921,0.0
188,376.0,-1.885454626083374,0.3838874680306905,3.4272731304168698,2.0,1,0,1,20,0,215,hard,0.5681206246634356,0.6500508646998983,0.3377082281675921,0.0
189,378.0,-1.885454626083374,0.3838874680306905,3.4272731304168698,2.0,1,0,1,20,0,215,hard,0.5681206246634356,0.6500508646998983,0.3377082281675921,0.0
190,380.0,-1.885454626083374,0.3838874680306905,3.4272731304168698,2.0,1,0,1,20,0,215,hard,0.5681206246634356,0.6500508646998983,0.3377082281675921,0.0
191,382.0,-1.885454626083374,0.3838874680306905,3.4272731304168698,2.0,1,0,1,20,0,215,hard,0.5681206246634356,0.6500508646998983,0.3377082281675921,0.0
192,384.0,-0.885454626083374,0.3838874680306905,3.4272731304168698,2.0,1,0,1,20,0,215,hard,0.5681206246634356,0.6500508646998983,0.3377082281675921,0.0
193,386.0,-1.885454626083374,0.3838874680306905,3.4272731304168698,2.0,1,0,1,20,0,215,hard,0.5681206246634356,0.6500508646998983,0.3377082281675921,0.0
194,388.0,-1.885454626083374,0.3838874680306905,3.4272731304168698,2.0,1,0,1,20,0,215,hard,0.5681206246634356,0.6500508646998983,0.3377082281675921,0.0
195,390.0,-1.885454626083374,0.3838874680306905,3.4272731304168698,2.0,1,0,1,20,0,215,hard,0.5681206246634356,0.6500508646998983,0.3377082281675921,0.0
196,392.0,-1.885454626083374,0.3838874680306905,3.4272731304168698,2.0,1,0,1,20,0,215,hard,0.5681206246634356,0.6500508646998983,0.3377082281675921,0.0
197,394.0,-16.885454626083373,0.3838874680306905,3.4272731304168698,2.0,1,0,1,20,0,215,hard,0.5681206246634356,0.6500508646998983,0.3377082281675921,0.0
198,396.0,-1.885454626083374,0.3838874680306905,3.4272731304168698,2.0,1,0,1,20,0,215,hard,0.5681206246634356,0.6500508646998983,0.3377082281675921,0.0
199,398.0,-1.885454626083374,0.3838874680306905,3.4272731304168698,2.0,1,0,1,20,0,215,hard,0.5681206246634356,0.6500508646998983,0.3377082281675921,0.0
200,400.0,-1.885454626083374,0.3838874680306905,3.4272731304168698,2.0,1,0,1,20,0,215,hard,0.5681206246634356,0.6500508646998983,0.3377082281675921,0.0
201,402.0,-1.885454626083374,0.3838874680306905,3.4272731304168698,2.0,1,0,1,20,0,215,hard,0.5681206246634356,0.6500508646998983,0.3377082281675921,0.0
202,404.0,-1.885454626083374,0.3838874680306905,3.4272731304168698,2.0,1,0,1,20,0,215,hard,0.5681206246634356,0.6500508646998983,0.3377082281675921,0.0
203,406.0,-1.885454626083374,0.3838874680306905,3.4272731304168698,2.0,1,0,1,20,0,215,hard,0.5681206246634356,0.6500508646998983,0.3377082281675921,0.0
204,408.0,-1.885454626083374,0.3838874680306905,3.4272731304168698,2.0,1,0,1,20,0,215,hard,0.5681206246634356,0.6500508646998983,0.3377082281675921,0.0
205,410.0,-1.885454626083374,0.3838874680306905,3.4272731304168698,2.0,1,0,1,20,0,215,hard,0.5681206246634356,0.6500508646998983,0.3377082281675921,0.0
206,412.0,-1.885454626083374,0.3838874680306905,3.4272731304168698,2.0,1,0,1,20,0,215,hard,0.5681206246634356,0.6500508646998983,0.3377082281675921,0.0
207,414.0,-1.885454626083374,0.3838874680306905,3.4272731304168698,2.0,1,0,1,20,0,215,hard,0.5681206246634356,0.6500508646998983,0.3377082281675921,0.0
208,416.0,-1.885454626083374,0.3838874680306905,3.4272731304168698,2.0,1,0,1,20,0,215,hard,0.5681206246634356,0.6500508646998983,0.3377082281675921,0.0
209,418.0,-1.885454626083374,0.3838874680306905,3.4272731304168698,2.0,1,0,1,20,0,215,hard,0.5681206246634356,0.6500508646998983,0.3377082281675921,0.0
210,420.0,-1.885454626083374,0.3838874680306905,3.4272731304168698,2.0,1,0,1,20,0,215,hard,0.5681206246634356,0.6500508646998983,0.3377082281675921,0.0
211,422.0,-1.885454626083374,0.3838874680306905,3.4272731304168698,2.0,1,0,1,20,0,215,hard,0.5681206246634356,0.6500508646998983,0.3377082281675921,0.0
212,424.0,-1.885454626083374,0.3838874680306905,3.4272731304168698,2.0,1,0,1,20,0,215,hard,0.5681206246634356,0.6500508646998983,0.3377082281675921,0.0
213,426.0,-1.885454626083374,0.3838874680306905,3.4272731304168698,2.0,1,0,1,20,0,215,hard,0.5681206246634356,0.6500508646998983,0.3377082281675921,0.0
214,428.0,-1.885454626083374,0.3838874680306905,3.4272731304168698,2.0,1,0,1,20,0,215,hard,0.5681206246634356,0.6500508646998983,0.3377082281675921,0.0
215,430.0,-1.885454626083374,0.3838874680306905,3.4272731304168698,2.0,1,0,1,20,0,215,hard,0.5681206246634356,0.6500508646998983,0.3377082281675921,0.0
216,432.0,-1.885454626083374,0.3838874680306905,3.4272731304168698,2.0,1,0,1,20,0,215,hard,0.5681206246634356,0.6500508646998983,0.3377082281675921,0.0
217,434.0,-1.885454626083374,0.3838874680306905,3.4272731304168698,2.0,1,0,1,20,0,215,hard,0.5681206246634356,0.6500508646998983,0.3377082281675921,0.0
218,436.0,228.08454537391663,0.4047314578005115,3.5772731304168697,3.0,2,0,2,20,177,215,hard,0.5681206246634356,0.6500508646998983,0.34881373043917213,0.06994047619047619
219,438.0,44.06728373098373,0.409462915601023,3.663581345081329,3.0,2,0,2,20,45,215,hard,0.5681206246634356,0.6500508646998983,0.35386168601716306,0.08333333333333333
220,440.0,24.33983560228348,0.4129156010230179,3.7543027091026304,3.0,2,0,2,20,28,215,hard,0.5681206246634356,0.6500508646998983,0.3614336193841494,0.08928571428571429
221,442.0,69.20447519922256,0.42084398976982096,3.849158351421356,3.0,2,0,2,20,71,215,hard,0.5681206246634356,0.6500508646998983,0.3629480060575467,0.1185515873015873
222,444.0,-1.9698316702842713,0.42084398976982096,3.849158351421356,3.0,2,0,2,20,0,215,hard,0.5681206246634356,0.6500508646998983,0.3629480060575467,0.1185515873015873
223,446.0,-1.9698316702842713,0.42084398976982096,3.849158351421356,3.0,2,0,2,20,0,215,hard,0.5681206246634356,0.6500508646998983,0.3629480060575467,0.1185515873015873
224,448.0,-1.9698316702842713,0.42084398976982096,3.849158351421356,3.0,2,0,2,20,0,215,hard,0.5681206246634356,0.6500508646998983,0.3629480060575467,0.1185515873015873
225,450.0,-1.9698316702842713,0.42084398976982096,3.849158351421356,3.0,2,0,2,20,0,215,hard,0.5681206246634356,0.6500508646998983,0.3629480060575467,0.1185515873015873
226,452.0,-1.9698316702842713,0.42084398976982096,3.849158351421356,3.0,2,0,2,20,0,215,hard,0.5681206246634356,0.6500508646998983,0.3629480060575467,0.1185515873015873
227,454.0,-1.9698316702842713,0.42084398976982096,3.849158351421356,3.0,2,0,2,20,0,215,hard,0.5681206246634356,0.6500508646998983,0.3629480060575467,0.1185515873015873
228,456.0,-1.9698316702842713,0.42084398976982096,3.849158351421356,3.0,2,0,2,20,0,215,hard,0.5681206246634356,0.6500508646998983,0.3629480060575467,0.1185515873015873
229,458.0,-1.9698316702842713,0.42084398976982096,3.849158351421356,3.0,2,0,2,20,0,215,hard,0.5681206246634356,0.6500508646998983,0.3629480060575467,0.1185515873015873
230,460.0,-1.9698316702842713,0.42084398976982096,3.849158351421356,3.0,2,0,2,20,0,215,hard,0.5681206246634356,0.6500508646998983,0.3629480060575467,0.1185515873015873
231,462.0,-1.9698316702842713,0.42084398976982096,3.849158351421356,3.0,2,0,2,20,0,215,hard,0.5681206246634356,0.6500508646998983,0.3629480060575467,0.1185515873015873
232,464.0,-1.9698316702842713,0.42084398976982096,3.849158351421356,3.0,2,0,2,20,0,215,hard,0.5681206246634356,0.6500508646998983,0.3629480060575467,0.1185515873015873
233,466.0,-1.9698316702842713,0.42084398976982096,3.849158351421356,3.0,2,0,2,20,0,215,hard,0.5681206246634356,0.6500508646998983,0.3629480060575467,0.1185515873015873
234,468.0,-1.9698316702842713,0.42084398976982096,3.849158351421356,3.0,2,0,2,20,0,215,hard,0.5681206246634356,0.6500508646998983,0.3629480060575467,0.1185515873015873
235,470.0,-1.9698316702842713,0.42084398976982096,3.849158351421356,3.0,2,0,2,20,0,215,hard,0.5681206246634356,0.6500508646998983,0.3629480060575467,0.1185515873015873
236,472.0,-1.9698316702842713,0.42084398976982096,3.849158351421356,3.0,2,0,2,20,0,215,hard,0.5681206246634356,0.6500508646998983,0.3629480060575467,0.1185515873015873
237,474.0,-1.9698316702842713,0.42084398976982096,3.849158351421356,3.0,2,0,2,20,0,215,hard,0.5681206246634356,0.6500508646998983,0.3629480060575467,0.1185515873015873
238,476.0,-1.9698316702842713,0.42084398976982096,3.849158351421356,3.0,2,0,2,20,0,215,hard,0.5681206246634356,0.6500508646998983,0.3629480060575467,0.1185515873015873
239,478.0,-1.9698316702842713,0.42084398976982096,3.849158351421356,3.0,2,0,2,20,0,215,hard,0.5681206246634356,0.6500508646998983,0.3629480060575467,0.1185515873015873
240,480.0,-1.9698316702842713,0.42084398976982096,3.849158351421356,3.0,2,0,2,20,0,215,hard,0.5681206246634356,0.6500508646998983,0.3629480060575467,0.1185515873015873
241,482.0,-1.9698316702842713,0.42084398976982096,3.849158351421356,3.0,2,0,2,20,0,215,hard,0.5681206246634356,0.6500508646998983,0.3629480060575467,0.1185515873015873
242,484.0,-1.9698316702842713,0.42084398976982096,3.849158351421356,3.0,2,0,2,20,0,215,hard,0.5681206246634356,0.6500508646998983,0.3629480060575467,0.1185515873015873
243,486.0,-16.96983167028427,0.42084398976982096,3.849158351421356,3.0,2,0,2,20,0,215,hard,0.5681206246634356,0.6500508646998983,0.3629480060575467,0.1185515873015873
244,488.0,-1.9698316702842713,0.42084398976982096,3.849158351421356,3.0,2,0,2,20,0,215,hard,0.5681206246634356,0.6500508646998983,0.3629480060575467,0.1185515873015873
245,490.0,-1.9698316702842713,0.42084398976982096,3.849158351421356,3.0,2,0,2,20,0,215,hard,0.5681206246634356,0.6500508646998983,0.3629480060575467,0.1185515873015873
246,492.0,-1.9698316702842713,0.42084398976982096,3.849158351421356,3.0,2,0,2,20,0,215,hard,0.5681206246634356,0.6500508646998983,0.3629480060575467,0.1185515873015873
247,494.0,-1.9698316702842713,0.42084398976982096,3.849158351421356,3.0,2,0,2,20,0,215,hard,0.5681206246634356,0.6500508646998983,0.3629480060575467,0.1185515873015873
248,496.0,-0.9698316702842713,0.42084398976982096,3.849158351421356,3.0,2,0,2,20,0,215,hard,0.5681206246634356,0.6500508646998983,0.3629480060575467,0.1185515873015873
249,498.0,64.76180011844635,0.4285166240409207,3.937985796928406,3.0,2,0,2,20,63,215,hard,0.5681206246634356,0.6500508646998983,0.37809187279151946,0.13343253968253968
250,500.0,77.219801902771,0.43861892583120204,4.0,3.0,2,0,2,20,84,215,hard,0.5681206246634356,0.6500508646998983,0.38818778394750125,0.1626984126984127
251,502.0,125.74488162994385,0.44641943734015344,4.0,3.0,2,0,2,20,65,215,hard,0.5681206246634356,0.6500508646998983,0.40030287733467945,0.1810515873015873
252,504.0,59.0,0.4534526854219949,4.0,3.0,2,0,2,20,60,215,hard,0.5681206246634356,0.6500508646998983,0.414437152953054,0.19444444444444445
253,506.0,47.964590072631836,0.4588235294117647,4.0,3.0,2,0,2,20,44,215,hard,0.5681206246634356,0.6500508646998983,0.43059061080262495,0.19940476190476192
254,508.0,129.45891189575195,0.47301790281329925,4.0,3.0,2,0,2,20,125,215,hard,0.5681206246634356,0.6500508646998983,0.45532559313478044,0.23015873015873015
255,510.0,76.02788352966309,0.4826086956521739,4.0,3.0,2,0,2,20,79,215,hard,0.5681206246634356,0.6571719226856562,0.4755174154467441,0.24057539682539683
256,512.0,114.89661979675293,0.4961636828644501,4.0,3.0,2,0,2,20,113,215,hard,0.5681206246634356,0.6586978636826043,0.48864209994952046,0.2787698412698413
257,514.0,11.0,0.4975703324808184,4.0,3.0,2,0,2,20,12,215,hard,0.5681206246634356,0.6586978636826043,0.4936900555275114,0.279265873015873
258,516.0,11.346323013305664,0.49910485933503834,4.0,3.0,2,0,2,20,13,215,hard,0.5681206246634356,0.6586978636826043,0.4962140333165068,0.28273809523809523
259,518.0,0.2574901580810547,0.49923273657289,4.0,3.0,2,0,2,20,1,215,hard,0.5681206246634356,0.6586978636826043,0.4962140333165068,0.283234126984127
260,520.0,10.953826904296875,0.5006393861892583,4.0,3.0,2,0,2,20,14,215,hard,0.5681206246634356,0.6586978636826043,0.49823321554770317,0.2867063492063492
261,522.0,19.0,0.5029411764705882,4.0,3.0,2,0,2,20,20,215,hard,0.5681206246634356,0.6586978636826043,0.5022715800100959,0.2916666666666667
262,524.0,10.2098388671875,0.5037084398976982,4.0,3.0,2,0,2,20,6,215,hard,0.5681206246634356,0.6586978636826043,0.5042907622412923,0.2926587301587302
263,526.0,-2.0,0.5037084398976982,4.0,3.0,2,0,2,20,0,215,hard,0.5681206246634356,0.6586978636826043,0.5042907622412923,0.2926587301587302
264,528.0,-2.0,0.5037084398976982,4.0,3.0,2,0,2,20,0,215,hard,0.5681206246634356,0.6586978636826043,0.5042907622412923,0.2926587301587302
265,530.0,-2.0,0.5037084398976982,4.0,3.0,2,0,2,20,0,215,hard,0.5681206246634356,0.6586978636826043,0.5042907622412923,0.2926587301587302
266,532.0,-2.0,0.5037084398976982,4.0,3.0,2,0,2,20,0,215,hard,0.5681206246634356,0.6586978636826043,0.5042907622412923,0.2926587301587302
267,534.0,-2.0,0.5037084398976982,4.0,3.0,2,0,2,20,0,215,hard,0.5681206246634356,0.6586978636826043,0.5042907622412923,0.2926587301587302
268,536.0,-2.0,0.5037084398976982,4.0,3.0,2,0,2,20,0,215,hard,0.5681206246634356,0.6586978636826043,0.5042907622412923,0.2926587301587302
269,538.0,-2.0,0.5037084398976982,4.0,3.0,2,0,2,20,0,215,hard,0.5681206246634356,0.6586978636826043,0.5042907622412923,0.2926587301587302
270,540.0,-2.0,0.5037084398976982,4.0,3.0,2,0,2,20,0,215,hard,0.5681206246634356,0.6586978636826043,0.5042907622412923,0.2926587301587302
271,542.0,-2.0,0.5037084398976982,4.0,3.0,2,0,2,20,0,215,hard,0.5681206246634356,0.6586978636826043,0.5042907622412923,0.2926587301587302
272,544.0,-2.0,0.5037084398976982,4.0,3.0,2,0,2,20,0,215,hard,0.5681206246634356,0.6586978636826043,0.5042907622412923,0.2926587301587302
273,546.0,-2.0,0.5037084398976982,4.0,3.0,2,0,2,20,0,215,hard,0.5681206246634356,0.6586978636826043,0.5042907622412923,0.2926587301587302
274,548.0,-2.0,0.5037084398976982,4.0,3.0,2,0,2,20,0,215,hard,0.5681206246634356,0.6586978636826043,0.5042907622412923,0.2926587301587302
275,550.0,-2.0,0.5037084398976982,4.0,3.0,2,0,2,20,0,215,hard,0.5681206246634356,0.6586978636826043,0.5042907622412923,0.2926587301587302
276,552.0,-2.0,0.5037084398976982,4.0,3.0,2,0,2,20,0,215,hard,0.5681206246634356,0.6586978636826043,0.5042907622412923,0.2926587301587302
277,554.0,-2.0,0.5037084398976982,4.0,3.0,2,0,2,20,0,215,hard,0.5681206246634356,0.6586978636826043,0.5042907622412923,0.2926587301587302
278,556.0,-2.0,0.5037084398976982,4.0,3.0,2,0,2,20,0,215,hard,0.5681206246634356,0.6586978636826043,0.5042907622412923,0.2926587301587302
279,558.0,-2.0,0.5037084398976982,4.0,3.0,2,0,2,20,0,215,hard,0.5681206246634356,0.6586978636826043,0.5042907622412923,0.2926587301587302
280,560.0,-2.0,0.5037084398976982,4.0,3.0,2,0,2,20,0,215,hard,0.5681206246634356,0.6586978636826043,0.5042907622412923,0.2926587301587302
281,562.0,-2.0,0.5037084398976982,4.0,3.0,2,0,2,20,0,215,hard,0.5681206246634356,0.6586978636826043,0.5042907622412923,0.2926587301587302
282,564.0,-2.0,0.5037084398976982,4.0,3.0,2,0,2,20,0,215,hard,0.5681206246634356,0.6586978636826043,0.5042907622412923,0.2926587301587302
283,566.0,-2.0,0.5037084398976982,4.0,3.0,2,0,2,20,0,215,hard,0.5681206246634356,0.6586978636826043,0.5042907622412923,0.2926587301587302
284,568.0,-2.0,0.5037084398976982,4.0,3.0,2,0,2,20,0,215,hard,0.5681206246634356,0.6586978636826043,0.5042907622412923,0.2926587301587302
285,570.0,-2.0,0.5037084398976982,4.0,3.0,2,0,2,20,0,215,hard,0.5681206246634356,0.6586978636826043,0.5042907622412923,0.2926587301587302
286,572.0,-2.0,0.5037084398976982,4.0,3.0,2,0,2,20,0,215,hard,0.5681206246634356,0.6586978636826043,0.5042907622412923,0.2926587301587302
287,574.0,-2.0,0.5037084398976982,4.0,3.0,2,0,2,20,0,215,hard,0.5681206246634356,0.6586978636826043,0.5042907622412923,0.2926587301587302
288,576.0,-2.0,0.5037084398976982,4.0,3.0,2,0,2,20,0,215,hard,0.5681206246634356,0.6586978636826043,0.5042907622412923,0.2926587301587302
289,578.0,45.5,0.5063938618925832,4.0,4.0,3,0,3,20,24,215,hard,0.5681206246634356,0.6586978636826043,0.5042907622412923,0.3030753968253968
290,580.0,-1.5,0.5063938618925832,4.0,4.0,3,0,3,20,0,215,hard,0.5681206246634356,0.6586978636826043,0.5042907622412923,0.3030753968253968
291,582.0,-1.5,0.5063938618925832,4.0,4.0,3,0,3,20,0,215,hard,0.5681206246634356,0.6586978636826043,0.5042907622412923,0.3030753968253968
292,584.0,-1.5,0.5063938618925832,4.0,4.0,3,0,3,20,0,215,hard,0.5681206246634356,0.6586978636826043,0.5042907622412923,0.3030753968253968
293,586.0,-1.5,0.5063938618925832,4.0,4.0,3,0,3,20,0,215,hard,0.5681206246634356,0.6586978636826043,0.5042907622412923,0.3030753968253968
294,588.0,-1.5,0.5063938618925832,4.0,4.0,3,0,3,20,0,215,hard,0.5681206246634356,0.6586978636826043,0.5042907622412923,0.3030753968253968
295,590.0,-1.5,0.5063938618925832,4.0,4.0,3,0,3,20,0,215,hard,0.5681206246634356,0.6586978636826043,0.5042907622412923,0.3030753968253968
296,592.0,-1.5,0.5063938618925832,4.0,4.0,3,0,3,20,0,215,hard,0.5681206246634356,0.6586978636826043,0.5042907622412923,0.3030753968253968
297,594.0,-1.5,0.5063938618925832,4.0,4.0,3,0,3,20,0,215,hard,0.5681206246634356,0.6586978636826043,0.5042907622412923,0.3030753968253968
298,596.0,-1.5,0.5063938618925832,4.0,4.0,3,0,3,20,0,215,hard,0.5681206246634356,0.6586978636826043,0.5042907622412923,0.3030753968253968
299,598.0,-1.5,0.5063938618925832,4.0,4.0,3,0,3,20,0,215,hard,0.5681206246634356,0.6586978636826043,0.5042907622412923,0.3030753968253968
300,600.0,-1.5,0.5063938618925832,4.0,4.0,3,0,3,20,0,215,hard,0.5681206246634356,0.6586978636826043,0.5042907622412923,0.3030753968253968
301,602.0,-1.5,0.5063938618925832,4.0,4.0,3,0,3,20,0,215,hard,0.5681206246634356,0.6586978636826043,0.5042907622412923,0.3030753968253968
302,604.0,-1.5,0.5063938618925832,4.0,4.0,3,0,3,20,0,215,hard,0.5681206246634356,0.6586978636826043,0.5042907622412923,0.3030753968253968
303,606.0,-1.5,0.5063938618925832,4.0,4.0,3,0,3,20,0,215,hard,0.5681206246634356,0.6586978636826043,0.5042907622412923,0.3030753968253968
304,608.0,-1.5,0.5063938618925832,4.0,4.0,3,0,3,20,0,215,hard,0.5681206246634356,0.6586978636826043,0.5042907622412923,0.3030753968253968
305,610.0,-1.5,0.5063938618925832,4.0,4.0,3,0,3,20,0,215,hard,0.5681206246634356,0.6586978636826043,0.5042907622412923,0.3030753968253968
306,612.0,-1.5,0.5063938618925832,4.0,4.0,3,0,3,20,0,215,hard,0.5681206246634356,0.6586978636826043,0.5042907622412923,0.3030753968253968
307,614.0,-1.5,0.5063938618925832,4.0,4.0,3,0,3,20,0,215,hard,0.5681206246634356,0.6586978636826043,0.5042907622412923,0.3030753968253968
308,616.0,-1.5,0.5063938618925832,4.0,4.0,3,0,3,20,0,215,hard,0.5681206246634356,0.6586978636826043,0.5042907622412923,0.3030753968253968
309,618.0,-1.5,0.5063938618925832,4.0,4.0,3,0,3,20,0,215,hard,0.5681206246634356,0.6586978636826043,0.5042907622412923,0.3030753968253968
310,620.0,-1.5,0.5063938618925832,4.0,4.0,3,0,3,20,0,215,hard,0.5681206246634356,0.6586978636826043,0.5042907622412923,0.3030753968253968
311,622.0,-1.5,0.5063938618925832,4.0,4.0,3,0,3,20,0,215,hard,0.5681206246634356,0.6586978636826043,0.5042907622412923,0.3030753968253968
312,624.0,-1.5,0.5063938618925832,4.0,4.0,3,0,3,20,0,215,hard,0.5681206246634356,0.6586978636826043,0.5042907622412923,0.3030753968253968
313,626.0,-1.5,0.5063938618925832,4.0,4.0,3,0,3,20,0,215,hard,0.5681206246634356,0.6586978636826043,0.5042907622412923,0.3030753968253968
314,628.0,-16.5,0.5063938618925832,4.0,4.0,3,0,3,20,0,215,hard,0.5681206246634356,0.6586978636826043,0.5042907622412923,0.3030753968253968
315,630.0,-1.5,0.5063938618925832,4.0,4.0,3,0,3,20,0,215,hard,0.5681206246634356,0.6586978636826043,0.5042907622412923,0.3030753968253968
316,632.0,-1.5,0.5063938618925832,4.0,4.0,3,0,3,20,0,215,hard,0.5681206246634356,0.6586978636826043,0.5042907622412923,0.3030753968253968
317,634.0,-1.5,0.5063938618925832,4.0,4.0,3,0,3,20,0,215,hard,0.5681206246634356,0.6586978636826043,0.5042907622412923,0.3030753968253968
318,636.0,-1.5,0.5063938618925832,4.0,4.0,3,0,3,20,0,215,hard,0.5681206246634356,0.6586978636826043,0.5042907622412923,0.3030753968253968
319,638.0,-1.5,0.5063938618925832,4.0,4.0,3,0,3,20,0,215,hard,0.5681206246634356,0.6586978636826043,0.5042907622412923,0.3030753968253968
320,640.0,-1.5,0.5063938618925832,4.0,4.0,3,0,3,20,0,215,hard,0.5681206246634356,0.6586978636826043,0.5042907622412923,0.3030753968253968
321,642.0,-1.5,0.5063938618925832,4.0,4.0,3,0,3,20,0,215,hard,0.5681206246634356,0.6586978636826043,0.5042907622412923,0.3030753968253968
322,644.0,-1.5,0.5063938618925832,4.0,4.0,3,0,3,20,0,215,hard,0.5681206246634356,0.6586978636826043,0.5042907622412923,0.3030753968253968
323,646.0,-1.5,0.5063938618925832,4.0,4.0,3,0,3,20,0,215,hard,0.5681206246634356,0.6586978636826043,0.5042907622412923,0.3030753968253968
324,648.0,-1.5,0.5063938618925832,4.0,4.0,3,0,3,20,0,215,hard,0.5681206246634356,0.6586978636826043,0.5042907622412923,0.3030753968253968
325,650.0,-1.5,0.5063938618925832,4.0,4.0,3,0,3,20,0,215,hard,0.5681206246634356,0.6586978636826043,0.5042907622412923,0.3030753968253968
326,652.0,-1.5,0.5063938618925832,4.0,4.0,3,0,3,20,0,215,hard,0.5681206246634356,0.6586978636826043,0.5042907622412923,0.3030753968253968
327,654.0,-1.5,0.5063938618925832,4.0,4.0,3,0,3,20,0,215,hard,0.5681206246634356,0.6586978636826043,0.5042907622412923,0.3030753968253968
328,656.0,-1.5,0.5063938618925832,4.0,4.0,3,0,3,20,0,215,hard,0.5681206246634356,0.6586978636826043,0.5042907622412923,0.3030753968253968
329,658.0,-1.5,0.5063938618925832,4.0,4.0,3,0,3,20,0,215,hard,0.5681206246634356,0.6586978636826043,0.5042907622412923,0.3030753968253968
330,660.0,-1.5,0.5063938618925832,4.0,4.0,3,0,3,20,0,215,hard,0.5681206246634356,0.6586978636826043,0.5042907622412923,0.3030753968253968
331,662.0,-1.5,0.5063938618925832,4.0,4.0,3,0,3,20,0,215,hard,0.5681206246634356,0.6586978636826043,0.5042907622412923,0.3030753968253968
332,664.0,-1.5,0.5063938618925832,4.0,4.0,3,0,3,20,0,215,hard,0.5681206246634356,0.6586978636826043,0.5042907622412923,0.3030753968253968
333,666.0,-1.5,0.5063938618925832,4.0,4.0,3,0,3,20,0,215,hard,0.5681206246634356,0.6586978636826043,0.5042907622412923,0.3030753968253968
334,668.0,-1.5,0.5063938618925832,4.0,4.0,3,0,3,20,0,215,hard,0.5681206246634356,0.6586978636826043,0.5042907622412923,0.3030753968253968
335,670.0,-1.5,0.5063938618925832,4.0,4.0,3,0,3,20,0,215,hard,0.5681206246634356,0.6586978636826043,0.5042907622412923,0.3030753968253968
336,672.0,-1.5,0.5063938618925832,4.0,4.0,3,0,3,20,0,215,hard,0.5681206246634356,0.6586978636826043,0.5042907622412923,0.3030753968253968
337,674.0,-1.5,0.5063938618925832,4.0,4.0,3,0,3,20,0,215,hard,0.5681206246634356,0.6586978636826043,0.5042907622412923,0.3030753968253968
338,676.0,-1.5,0.5063938618925832,4.0,4.0,3,0,3,20,0,215,hard,0.5681206246634356,0.6586978636826043,0.5042907622412923,0.3030753968253968
339,678.0,-16.5,0.5063938618925832,4.0,4.0,3,0,3,20,0,215,hard,0.5681206246634356,0.6586978636826043,0.5042907622412923,0.3030753968253968
340,680.0,-1.5,0.5063938618925832,4.0,4.0,3,0,3,20,0,215,hard,0.5681206246634356,0.6586978636826043,0.5042907622412923,0.3030753968253968
341,682.0,-1.5,0.5063938618925832,4.0,4.0,3,0,3,20,0,215,hard,0.5681206246634356,0.6586978636826043,0.5042907622412923,0.3030753968253968
342,684.0,-1.5,0.5063938618925832,4.0,4.0,3,0,3,20,0,215,hard,0.5681206246634356,0.6586978636826043,0.5042907622412923,0.3030753968253968
343,686.0,-1.5,0.5063938618925832,4.0,4.0,3,0,3,20,0,215,hard,0.5681206246634356,0.6586978636826043,0.5042907622412923,0.3030753968253968
344,688.0,-1.5,0.5063938618925832,4.0,4.0,3,0,3,20,0,215,hard,0.5681206246634356,0.6586978636826043,0.5042907622412923,0.3030753968253968
345,690.0,-1.5,0.5063938618925832,4.0,4.0,3,0,3,20,0,215,hard,0.5681206246634356,0.6586978636826043,0.5042907622412923,0.3030753968253968
346,692.0,-1.5,0.5063938618925832,4.0,4.0,3,0,3,20,0,215,hard,0.5681206246634356,0.6586978636826043,0.5042907622412923,0.3030753968253968
347,694.0,-1.5,0.5063938618925832,4.0,4.0,3,0,3,20,0,215,hard,0.5681206246634356,0.6586978636826043,0.5042907622412923,0.3030753968253968
348,696.0,-1.5,0.5063938618925832,4.0,4.0,3,0,3,20,0,215,hard,0.5681206246634356,0.6586978636826043,0.5042907622412923,0.3030753968253968
349,698.0,-1.5,0.5063938618925832,4.0,4.0,3,0,3,20,0,215,hard,0.5681206246634356,0.6586978636826043,0.5042907622412923,0.3030753968253968
350,700.0,-1.5,0.5063938618925832,4.0,4.0,3,0,3,20,0,215,hard,0.5681206246634356,0.6586978636826043,0.5042907622412923,0.3030753968253968
351,702.0,-1.5,0.5063938618925832,4.0,4.0,3,0,3,20,0,215,hard,0.5681206246634356,0.6586978636826043,0.5042907622412923,0.3030753968253968
352,704.0,-1.5,0.5063938618925832,4.0,4.0,3,0,3,20,0,215,hard,0.5681206246634356,0.6586978636826043,0.5042907622412923,0.3030753968253968
353,706.0,-1.5,0.5063938618925832,4.0,4.0,3,0,3,20,0,215,hard,0.5681206246634356,0.6586978636826043,0.5042907622412923,0.3030753968253968
354,708.0,-1.5,0.5063938618925832,4.0,4.0,3,0,3,20,0,215,hard,0.5681206246634356,0.6586978636826043,0.5042907622412923,0.3030753968253968
355,710.0,-1.5,0.5063938618925832,4.0,4.0,3,0,3,20,0,215,hard,0.5681206246634356,0.6586978636826043,0.5042907622412923,0.3030753968253968
356,712.0,-1.5,0.5063938618925832,4.0,4.0,3,0,3,20,0,215,hard,0.5681206246634356,0.6586978636826043,0.5042907622412923,0.3030753968253968
357,714.0,-1.5,0.5063938618925832,4.0,4.0,3,0,3,20,0,215,hard,0.5681206246634356,0.6586978636826043,0.5042907622412923,0.3030753968253968
358,716.0,-1.5,0.5063938618925832,4.0,4.0,3,0,3,20,0,215,hard,0.5681206246634356,0.6586978636826043,0.5042907622412923,0.3030753968253968
359,718.0,-1.5,0.5063938618925832,4.0,4.0,3,0,3,20,0,215,hard,0.5681206246634356,0.6586978636826043,0.5042907622412923,0.3030753968253968
360,720.0,-1.5,0.5063938618925832,4.0,4.0,3,0,3,20,0,215,hard,0.5681206246634356,0.6586978636826043,0.5042907622412923,0.3030753968253968
361,722.0,-1.5,0.5063938618925832,4.0,4.0,3,0,3,20,0,215,hard,0.5681206246634356,0.6586978636826043,0.5042907622412923,0.3030753968253968
362,724.0,-1.5,0.5063938618925832,4.0,4.0,3,0,3,20,0,215,hard,0.5681206246634356,0.6586978636826043,0.5042907622412923,0.3030753968253968
363,726.0,-1.5,0.5063938618925832,4.0,4.0,3,0,3,20,0,215,hard,0.5681206246634356,0.6586978636826043,0.5042907622412923,0.3030753968253968
364,728.0,-16.5,0.5063938618925832,4.0,4.0,3,0,3,20,0,215,hard,0.5681206246634356,0.6586978636826043,0.5042907622412923,0.3030753968253968
365,730.0,-1.5,0.5063938618925832,4.0,4.0,3,0,3,20,0,215,hard,0.5681206246634356,0.6586978636826043,0.5042907622412923,0.3030753968253968
366,732.0,-1.5,0.5063938618925832,4.0,4.0,3,0,3,20,0,215,hard,0.5681206246634356,0.6586978636826043,0.5042907622412923,0.3030753968253968
367,734.0,-1.5,0.5063938618925832,4.0,4.0,3,0,3,20,0,215,hard,0.5681206246634356,0.6586978636826043,0.5042907622412923,0.3030753968253968
368,736.0,-1.5,0.5063938618925832,4.0,4.0,3,0,3,20,0,215,hard,0.5681206246634356,0.6586978636826043,0.5042907622412923,0.3030753968253968
369,738.0,-1.5,0.5063938618925832,4.0,4.0,3,0,3,20,0,215,hard,0.5681206246634356,0.6586978636826043,0.5042907622412923,0.3030753968253968
370,740.0,-1.5,0.5063938618925832,4.0,4.0,3,0,3,20,0,215,hard,0.5681206246634356,0.6586978636826043,0.5042907622412923,0.3030753968253968
371,742.0,-1.5,0.5063938618925832,4.0,4.0,3,0,3,20,0,215,hard,0.5681206246634356,0.6586978636826043,0.5042907622412923,0.3030753968253968
372,744.0,-1.5,0.5063938618925832,4.0,4.0,3,0,3,20,0,215,hard,0.5681206246634356,0.6586978636826043,0.5042907622412923,0.3030753968253968
373,746.0,-1.5,0.5063938618925832,4.0,4.0,3,0,3,20,0,215,hard,0.5681206246634356,0.6586978636826043,0.5042907622412923,0.3030753968253968
374,748.0,-1.5,0.5063938618925832,4.0,4.0,3,0,3,20,0,215,hard,0.5681206246634356,0.6586978636826043,0.5042907622412923,0.3030753968253968
375,750.0,-1.5,0.5063938618925832,4.0,4.0,3,0,3,20,0,215,hard,0.5681206246634356,0.6586978636826043,0.5042907622412923,0.3030753968253968
376,752.0,-1.5,0.5063938618925832,4.0,4.0,3,0,3,20,0,215,hard,0.5681206246634356,0.6586978636826043,0.5042907622412923,0.3030753968253968
377,754.0,-1.5,0.5063938618925832,4.0,4.0,3,0,3,20,0,215,hard,0.5681206246634356,0.6586978636826043,0.5042907622412923,0.3030753968253968
378,756.0,-1.5,0.5063938618925832,4.0,4.0,3,0,3,20,0,215,hard,0.5681206246634356,0.6586978636826043,0.5042907622412923,0.3030753968253968
379,758.0,-1.5,0.5063938618925832,4.0,4.0,3,0,3,20,0,215,hard,0.5681206246634356,0.6586978636826043,0.5042907622412923,0.3030753968253968
380,760.0,-1.5,0.5063938618925832,4.0,4.0,3,0,3,20,0,215,hard,0.5681206246634356,0.6586978636826043,0.5042907622412923,0.3030753968253968
381,762.0,-1.5,0.5063938618925832,4.0,4.0,3,0,3,20,0,215,hard,0.5681206246634356,0.6586978636826043,0.5042907622412923,0.3030753968253968
382,764.0,-1.5,0.5063938618925832,4.0,4.0,3,0,3,20,0,215,hard,0.5681206246634356,0.6586978636826043,0.5042907622412923,0.3030753968253968
383,766.0,-1.5,0.5063938618925832,4.0,4.0,3,0,3,20,0,215,hard,0.5681206246634356,0.6586978636826043,0.5042907622412923,0.3030753968253968
384,768.0,-1.5,0.5063938618925832,4.0,4.0,3,0,3,20,0,215,hard,0.5681206246634356,0.6586978636826043,0.5042907622412923,0.3030753968253968
385,770.0,-1.5,0.5063938618925832,4.0,4.0,3,0,3,20,0,215,hard,0.5681206246634356,0.6586978636826043,0.5042907622412923,0.3030753968253968
386,772.0,-1.5,0.5063938618925832,4.0,4.0,3,0,3,20,0,215,hard,0.5681206246634356,0.6586978636826043,0.5042907622412923,0.3030753968253968
387,774.0,-1.5,0.5063938618925832,4.0,4.0,3,0,3,20,0,215,hard,0.5681206246634356,0.6586978636826043,0.5042907622412923,0.3030753968253968
388,776.0,-1.5,0.5063938618925832,4.0,4.0,3,0,3,20,0,215,hard,0.5681206246634356,0.6586978636826043,0.5042907622412923,0.3030753968253968
389,778.0,-16.5,0.5063938618925832,4.0,4.0,3,0,3,20,0,215,hard,0.5681206246634356,0.6586978636826043,0.5042907622412923,0.3030753968253968
390,780.0,-1.5,0.5063938618925832,4.0,4.0,3,0,3,20,0,215,hard,0.5681206246634356,0.6586978636826043,0.5042907622412923,0.3030753968253968
391,782.0,-1.5,0.5063938618925832,4.0,4.0,3,0,3,20,0,215,hard,0.5681206246634356,0.6586978636826043,0.5042907622412923,0.3030753968253968
392,784.0,-1.5,0.5063938618925832,4.0,4.0,3,0,3,20,0,215,hard,0.5681206246634356,0.6586978636826043,0.5042907622412923,0.3030753968253968
393,786.0,-1.5,0.5063938618925832,4.0,4.0,3,0,3,20,0,215,hard,0.5681206246634356,0.6586978636826043,0.5042907622412923,0.3030753968253968
394,788.0,-1.5,0.5063938618925832,4.0,4.0,3,0,3,20,0,215,hard,0.5681206246634356,0.6586978636826043,0.5042907622412923,0.3030753968253968
395,790.0,-1.5,0.5063938618925832,4.0,4.0,3,0,3,20,0,215,hard,0.5681206246634356,0.6586978636826043,0.5042907622412923,0.3030753968253968
396,792.0,-1.5,0.5063938618925832,4.0,4.0,3,0,3,20,0,215,hard,0.5681206246634356,0.6586978636826043,0.5042907622412923,0.3030753968253968
397,794.0,-1.5,0.5063938618925832,4.0,4.0,3,0,3,20,0,215,hard,0.5681206246634356,0.6586978636826043,0.5042907622412923,0.3030753968253968
398,796.0,-1.5,0.5063938618925832,4.0,4.0,3,0,3,20,0,215,hard,0.5681206246634356,0.6586978636826043,0.5042907622412923,0.3030753968253968
399,798.0,-1.5,0.5063938618925832,4.0,4.0,3,0,3,20,0,215,hard,0.5681206246634356,0.6586978636826043,0.5042907622412923,0.3030753968253968
400,800.0,11.42838874680308,0.5063938618925832,4.0,4.0,3,0,3,20,0,215,hard,0.5681206246634356,0.6586978636826043,0.5042907622412923,0.3030753968253968
