step,timestamp,coverage,known_cells,total_cells,cov_trace,pos_x,pos_y,altitude,frontier_count,nearest_frontier_dist,loop_closures,tracking_lost_events,new_cells,alt_idx,altitude_changes,cov_alt0,cov_alt1,cov_alt2,cov_alt3,note
1,2.766204595565796,0.018304099329917226,743,40592,0.022674687752744623,-0.5989139676094055,-0.2623217701911926,1.0324914455413818,0,inf,0,0,743,0,0,0.0732163973196689,0.0,0.0,0.0,
2,4.799044609069824,0.018476547102877414,750,40592,0.02772586021724853,-0.8755478262901306,-0.5660117864608765,1.105303168296814,0,inf,0,0,7,0,0,0.07390618841150966,0.0,0.0,0.0,
3,6.822038888931274,0.018476547102877414,750,40592,0.032644637628500325,-0.8664751648902893,-0.5891444087028503,1.1312339305877686,0,inf,0,0,0,0,0,0.07390618841150966,0.0,0.0,0.0,
4,8.847089290618896,0.018476547102877414,750,40592,0.032644637628500325,-0.7546185851097107,-0.5952293872833252,1.0939871072769165,0,inf,0,0,0,0,0,0.07390618841150966,0.0,0.0,0.0,
5,10.872047424316406,0.018476547102877414,750,40592,0.038660026615373766,-0.7884082794189453,-0.5459421277046204,1.1416025161743164,0,inf,0,0,0,0,0,0.07390618841150966,0.0,0.0,0.0,
6,12.889382600784302,0.018476547102877414,750,40592,0.041229203421722614,-0.7344100475311279,-0.4924636781215668,1.138988733291626,0,inf,0,0,0,0,0,0.07390618841150966,0.0,0.0,0.0,
7,14.910263299942017,0.018476547102877414,750,40592,0.041229203421722614,-0.7164687514305115,-0.5020306706428528,1.1547108888626099,0,inf,0,0,0,0,0,0.07390618841150966,0.0,0.0,0.0,
8,16.944159030914307,0.018476547102877414,750,40592,0.0468802871856652,-0.7098378539085388,-0.45747995376586914,1.1580071449279785,0,inf,0,0,0,0,0,0.07390618841150966,0.0,0.0,0.0,
9,18.96438455581665,0.018476547102877414,750,40592,0.056298094958555873,-0.7517114281654358,-0.4496396481990814,1.1289912462234497,0,inf,0,0,0,0,0,0.07390618841150966,0.0,0.0,0.0,
10,20.99564528465271,0.018476547102877414,750,40592,0.08203875794098713,-0.709505558013916,-0.5185346603393555,1.1498371362686157,0,inf,0,0,0,0,0,0.07390618841150966,0.0,0.0,0.0,
11,23.017277479171753,0.018476547102877414,750,40592,0.08567773242064984,-0.7297544479370117,-0.5962895154953003,1.1194347143173218,0,inf,0,0,0,0,0,0.07390618841150966,0.0,0.0,0.0,
12,25.051207542419434,0.018476547102877414,750,40592,0.08567773242064984,-0.7658737301826477,-0.5886275172233582,1.1017545461654663,0,inf,0,0,0,0,0,0.07390618841150966,0.0,0.0,0.0,
13,27.079049587249756,0.018476547102877414,750,40592,0.08928446689949836,-0.7596856951713562,-0.5753276944160461,1.126522183418274,0,inf,0,0,0,0,0,0.07390618841150966,0.0,0.0,0.0,
14,29.107561111450195,0.018476547102877414,750,40592,0.0972277104093041,-0.7551029324531555,-0.5602794885635376,1.130629539489746,0,inf,0,0,0,0,0,0.07390618841150966,0.0,0.0,0.0,
15,31.12804102897644,0.018476547102877414,750,40592,0.0972277104093041,-0.7869019508361816,-0.5505675077438354,1.1157283782958984,0,inf,0,0,0,0,0,0.07390618841150966,0.0,0.0,0.0,
16,33.15732717514038,0.018476547102877414,750,40592,0.10262221253578549,-0.7878806591033936,-0.5714833736419678,1.1008275747299194,0,inf,0,0,0,0,0,0.07390618841150966,0.0,0.0,0.0,
17,35.17351055145264,0.018476547102877414,750,40592,0.10967086173619608,-0.8008236289024353,-0.6148781180381775,1.070777416229248,0,inf,0,0,0,0,0,0.07390618841150966,0.0,0.0,0.0,
18,37.1926543712616,0.018476547102877414,750,40592,0.10967086173619608,-0.8280906677246094,-0.5716367363929749,1.138055682182312,0,inf,0,0,0,0,0,0.07390618841150966,0.0,0.0,0.0,
19,39.20909667015076,0.018476547102877414,750,40592,0.11531666080783819,-0.8277401924133301,-0.5949975252151489,1.0981613397598267,0,inf,0,0,0,0,0,0.07390618841150966,0.0,0.0,0.0,
20,41.240113258361816,0.018476547102877414,750,40592,0.12199401185691823,-0.8617212176322937,-0.5921337604522705,1.0666314363479614,0,inf,0,0,0,0,0,0.07390618841150966,0.0,0.0,0.0,
21,46.31837010383606,0.03695309420575483,1500,40592,0.1286687326891534,-0.8935438394546509,-0.5319631099700928,1.909376859664917,0,inf,0,0,750,1,1,0.07390618841150966,0.07390618841150966,0.0,0.0,
22,48.33286643028259,0.03695309420575483,1500,40592,0.13480084981216583,-0.8588839173316956,-0.5981255769729614,1.9676817655563354,0,inf,0,0,0,1,1,0.07390618841150966,0.07390618841150966,0.0,0.0,
23,50.35376954078674,0.03695309420575483,1500,40592,0.14018475046512438,-0.8303725123405457,-0.5726763606071472,2.0413804054260254,0,inf,0,0,0,1,1,0.07390618841150966,0.07390618841150966,0.0,0.0,
24,52.37864446640015,0.03695309420575483,1500,40592,0.14018475046512438,-0.8237594962120056,-0.5727294683456421,2.0960841178894043,0,inf,0,0,0,1,1,0.07390618841150966,0.07390618841150966,0.0,0.0,
25,54.40311884880066,0.03695309420575483,1500,40592,0.14537062915293267,-0.8168792724609375,-0.5537562966346741,2.096266508102417,0,inf,0,0,0,1,1,0.07390618841150966,0.07390618841150966,0.0,0.0,
26,56.422178983688354,0.03695309420575483,1500,40592,0.1491979579272028,-0.8139790892601013,-0.5304883718490601,2.085826873779297,0,inf,0,0,0,1,1,0.07390618841150966,0.07390618841150966,0.0,0.0,
27,58.44166612625122,0.03695309420575483,1500,40592,0.2984538958327947,-0.8036273121833801,-0.546597421169281,2.1264991760253906,0,inf,1,0,0,1,1,0.07390618841150966,0.07390618841150966,0.0,0.0,
28,60.466623067855835,0.03695309420575483,1500,40592,0.2984538958327947,-0.8405221700668335,-0.5444049835205078,2.10880970954895,0,inf,1,0,0,1,1,0.07390618841150966,0.07390618841150966,0.0,0.0,
29,62.49733805656433,0.03695309420575483,1500,40592,0.2984538958327947,-0.8054142594337463,-0.5649222731590271,2.079925537109375,0,inf,1,0,0,1,1,0.07390618841150966,0.07390618841150966,0.0,0.0,
30,64.51712417602539,0.03695309420575483,1500,40592,0.2970295413174789,-0.7885542511940002,-0.5472986102104187,2.0989699363708496,0,inf,1,0,0,1,1,0.07390618841150966,0.07390618841150966,0.0,0.0,
31,66.53362107276917,0.03695309420575483,1500,40592,0.2970295413174789,-0.8448187708854675,-0.49918025732040405,2.086507797241211,0,inf,1,0,0,1,1,0.07390618841150966,0.07390618841150966,0.0,0.0,
32,68.55640816688538,0.03695309420575483,1500,40592,0.2970295413174789,-0.8160752058029175,-0.4396994709968567,2.063251256942749,0,inf,1,0,0,1,1,0.07390618841150966,0.07390618841150966,0.0,0.0,
33,70.57193398475647,0.03695309420575483,1500,40592,0.3073290408895334,-0.8051564693450928,-0.4610429108142853,2.1067490577697754,0,inf,1,0,0,1,1,0.07390618841150966,0.07390618841150966,0.0,0.0,
34,72.5949535369873,0.03695309420575483,1500,40592,0.3129987299332052,-0.795257568359375,-0.5159022212028503,2.140589952468872,0,inf,1,0,0,1,1,0.07390618841150966,0.07390618841150966,0.0,0.0,
35,74.61985754966736,0.03695309420575483,1500,40592,0.32705353216105437,-0.7730610966682434,-0.5489182472229004,2.1318297386169434,0,inf,1,0,0,1,1,0.07390618841150966,0.07390618841150966,0.0,0.0,
36,76.64572310447693,0.03695309420575483,1500,40592,0.32705353216105437,-0.7450462579727173,-0.5342409014701843,2.1203255653381348,0,inf,1,0,0,1,1,0.07390618841150966,0.07390618841150966,0.0,0.0,
37,78.66823673248291,0.03695309420575483,1500,40592,0.3444537310072204,-0.8135371804237366,-0.5024300217628479,2.1322455406188965,0,inf,1,0,0,1,1,0.07390618841150966,0.07390618841150966,0.0,0.0,
38,80.68859148025513,0.03695309420575483,1500,40592,0.3208186017047132,-0.7892822027206421,-0.48259079456329346,2.090726613998413,0,inf,1,0,0,1,1,0.07390618841150966,0.07390618841150966,0.0,0.0,
39,82.70992040634155,0.03695309420575483,1500,40592,0.3208186017047132,-0.7871542572975159,-0.46727287769317627,2.060450792312622,0,inf,1,0,0,1,1,0.07390618841150966,0.07390618841150966,0.0,0.0,
40,84.72927975654602,0.03695309420575483,1500,40592,0.3208186017047132,-0.7615818977355957,-0.47003045678138733,2.0708913803100586,0,inf,1,0,0,1,1,0.07390618841150966,0.07390618841150966,0.0,0.0,
41,86.75014567375183,0.03695309420575483,1500,40592,0.3208186017047132,-0.7697173953056335,-0.5673439502716064,2.0944347381591797,0,inf,1,0,0,1,1,0.07390618841150966,0.07390618841150966,0.0,0.0,
42,91.83073258399963,0.05542964130863224,2250,40592,0.4220363485076432,-0.7429749369621277,-0.5819234251976013,2.958015203475952,0,inf,1,0,750,2,2,0.07390618841150966,0.07390618841150966,0.07390618841150966,0.0,
43,93.84364938735962,0.05542964130863224,2250,40592,0.43398936056287746,-0.6948124766349792,-0.554357647895813,3.006458044052124,0,inf,1,0,0,2,2,0.07390618841150966,0.07390618841150966,0.07390618841150966,0.0,
44,95.87659740447998,0.05542964130863224,2250,40592,0.43398936056287746,-0.6903231739997864,-0.487714022397995,3.004624128341675,0,inf,1,0,0,2,2,0.07390618841150966,0.07390618841150966,0.07390618841150966,0.0,
45,97.8943407535553,0.05542964130863224,2250,40592,0.4316411033165569,-0.6912082433700562,-0.478574275970459,3.0303189754486084,0,inf,1,0,0,2,2,0.07390618841150966,0.07390618841150966,0.07390618841150966,0.0,
46,99.91599726676941,0.05542964130863224,2250,40592,0.4443881027040258,-0.7111778259277344,-0.5045771598815918,3.070183515548706,0,inf,1,0,0,2,2,0.07390618841150966,0.07390618841150966,0.07390618841150966,0.0,
47,101.93609523773193,0.05542964130863224,2250,40592,0.4443881027040258,-0.7291911840438843,-0.5729197859764099,3.1059954166412354,0,inf,1,0,0,2,2,0.07390618841150966,0.07390618841150966,0.07390618841150966,0.0,
48,103.95517015457153,0.05542964130863224,2250,40592,0.4546704842418657,-0.7874084115028381,-0.5827586054801941,3.0951321125030518,0,inf,1,0,0,2,2,0.07390618841150966,0.07390618841150966,0.07390618841150966,0.0,
49,105.98070192337036,0.05542964130863224,2250,40592,0.46824913261444884,-0.7958080768585205,-0.6165423393249512,3.1058714389801025,0,inf,1,0,0,2,2,0.07390618841150966,0.07390618841150966,0.07390618841150966,0.0,
50,108.00652933120728,0.05542964130863224,2250,40592,0.46824913261444884,-0.7481977343559265,-0.6159743666648865,3.0850584506988525,0,inf,1,0,0,2,2,0.07390618841150966,0.07390618841150966,0.07390618841150966,0.0,
51,110.05039429664612,0.05542964130863224,2250,40592,0.4837238886734947,-0.7967374920845032,-0.6399544477462769,3.1120102405548096,0,inf,1,0,0,2,2,0.07390618841150966,0.07390618841150966,0.07390618841150966,0.0,
52,112.0722804069519,0.05542964130863224,2250,40592,0.48867755186652734,-0.8262876272201538,-0.6819278001785278,3.11397123336792,0,inf,2,0,0,2,2,0.07390618841150966,0.07390618841150966,0.07390618841150966,0.0,
53,114.09407019615173,0.05542964130863224,2250,40592,0.48867755186652734,-0.8281831741333008,-0.7005364894866943,3.1403234004974365,0,inf,2,0,0,2,2,0.07390618841150966,0.07390618841150966,0.07390618841150966,0.0,
54,116.11450576782227,0.05542964130863224,2250,40592,0.5115679343274186,-0.8306611180305481,-0.7040547728538513,3.151196241378784,0,inf,2,0,0,2,2,0.07390618841150966,0.07390618841150966,0.07390618841150966,0.0,
55,118.13206958770752,0.05542964130863224,2250,40592,0.5320585386288024,-0.8379521369934082,-0.7238896489143372,3.1560730934143066,0,inf,2,0,0,2,2,0.07390618841150966,0.07390618841150966,0.07390618841150966,0.0,
56,120.1510796546936,0.05542964130863224,2250,40592,0.5320585386288024,-0.8238450884819031,-0.726667582988739,3.1594340801239014,0,inf,2,0,0,2,2,0.07390618841150966,0.07390618841150966,0.07390618841150966,0.0,
57,122.18071341514587,0.05542964130863224,2250,40592,0.5389185456555218,-0.8059313297271729,-0.6946727633476257,3.123286008834839,0,inf,2,0,0,2,2,0.07390618841150966,0.07390618841150966,0.07390618841150966,0.0,
58,124.20006227493286,0.05542964130863224,2250,40592,0.54633220173615,-0.8178413510322571,-0.7349491715431213,3.174685478210449,0,inf,2,0,0,2,2,0.07390618841150966,0.07390618841150966,0.07390618841150966,0.0,
59,126.21982908248901,0.05542964130863224,2250,40592,0.5614380429756081,-0.8345812559127808,-0.7330324053764343,3.1508052349090576,0,inf,2,0,0,2,2,0.07390618841150966,0.07390618841150966,0.07390618841150966,0.0,
60,128.24509739875793,0.05542964130863224,2250,40592,0.5638493359452994,-0.8616610765457153,-0.7578685879707336,3.1666622161865234,0,inf,2,0,0,2,2,0.07390618841150966,0.07390618841150966,0.07390618841150966,0.0,
61,130.26544189453125,0.05542964130863224,2250,40592,0.5597244037576498,-0.9083079099655151,-0.7527500987052917,3.2031421661376953,0,inf,2,0,0,2,2,0.07390618841150966,0.07390618841150966,0.07390618841150966,0.0,
62,132.48684000968933,0.05542964130863224,2250,40592,0.537572694542835,-0.8993846774101257,-0.7791545391082764,3.137251615524292,0,inf,2,0,0,2,2,0.07390618841150966,0.07390618841150966,0.07390618841150966,0.0,
63,137.3706476688385,0.07390618841150966,3000,40592,0.6285464198850258,-0.9387769103050232,-0.7364804148674011,4.009829998016357,0,inf,2,0,750,3,3,0.07390618841150966,0.07390618841150966,0.07390618841150966,0.07390618841150966,
64,139.39304375648499,0.07390618841150966,3000,40592,0.7361308166226187,-0.9720714092254639,-0.7228235006332397,4.022543907165527,0,inf,2,0,0,3,3,0.07390618841150966,0.07390618841150966,0.07390618841150966,0.07390618841150966,
65,141.41589641571045,0.07390618841150966,3000,40592,0.7347389656358884,-0.9808344841003418,-0.6744405031204224,4.097758769989014,0,inf,2,0,0,3,3,0.07390618841150966,0.07390618841150966,0.07390618841150966,0.07390618841150966,
66,143.43336939811707,0.07390618841150966,3000,40592,0.6675977240390542,-0.8161770701408386,-0.5667142868041992,4.031132221221924,0,inf,2,0,0,3,3,0.07390618841150966,0.07390618841150966,0.07390618841150966,0.07390618841150966,
67,145.45543217658997,0.07390618841150966,3000,40592,0.6061157888917998,-0.7439954876899719,-0.5762304067611694,4.0006279945373535,0,inf,2,0,0,3,3,0.07390618841150966,0.07390618841150966,0.07390618841150966,0.07390618841150966,
68,147.47014951705933,0.07390618841150966,3000,40592,0.6388143933424003,-0.8850498795509338,-0.6277101039886475,3.982088804244995,0,inf,2,0,0,3,3,0.07390618841150966,0.07390618841150966,0.07390618841150966,0.07390618841150966,
69,149.50976061820984,0.07390618841150966,3000,40592,0.6105163445871201,-0.7897547483444214,-0.5550912618637085,3.9796745777130127,0,inf,2,0,0,3,3,0.07390618841150966,0.07390618841150966,0.07390618841150966,0.07390618841150966,
70,151.5260775089264,0.07390618841150966,3000,40592,0.647556503606405,-0.7887174487113953,-0.5942797064781189,3.986919641494751,0,inf,2,0,0,3,3,0.07390618841150966,0.07390618841150966,0.07390618841150966,0.07390618841150966,
71,153.5453178882599,0.07390618841150966,3000,40592,0.6505826226856021,-0.8371676206588745,-0.5812650322914124,4.002620697021484,0,inf,2,0,0,3,3,0.07390618841150966,0.07390618841150966,0.07390618841150966,0.07390618841150966,
72,155.5669367313385,0.07390618841150966,3000,40592,0.6505826226856021,-0.8560389876365662,-0.6890993714332581,3.9888644218444824,0,inf,2,0,0,3,3,0.07390618841150966,0.07390618841150966,0.07390618841150966,0.07390618841150966,
73,157.59219241142273,0.07390618841150966,3000,40592,0.5984743781650864,-0.8855214715003967,-0.6742904782295227,3.912252902984619,0,inf,3,0,0,3,3,0.07390618841150966,0.07390618841150966,0.07390618841150966,0.07390618841150966,
74,159.60656809806824,0.07390618841150966,3000,40592,0.5665162044243796,-0.7519032955169678,-0.588518500328064,3.948472023010254,0,inf,3,0,0,3,3,0.07390618841150966,0.07390618841150966,0.07390618841150966,0.07390618841150966,
75,161.62798833847046,0.07390618841150966,3000,40592,0.553430553240921,-0.7983047366142273,-0.5602518320083618,3.891972541809082,0,inf,3,0,0,3,3,0.07390618841150966,0.07390618841150966,0.07390618841150966,0.07390618841150966,
76,163.64507007598877,0.07390618841150966,3000,40592,0.553430553240921,-0.7550519704818726,-0.5329418182373047,3.9159038066864014,0,inf,3,0,0,3,3,0.07390618841150966,0.07390618841150966,0.07390618841150966,0.07390618841150966,
77,165.65968370437622,0.07390618841150966,3000,40592,0.5247823929292166,-0.6638251543045044,-0.5564818382263184,3.9191110134124756,0,inf,3,0,0,3,3,0.07390618841150966,0.07390618841150966,0.07390618841150966,0.07390618841150966,
78,167.6818654537201,0.07390618841150966,3000,40592,0.5327002242855758,-0.7447459101676941,-0.5045480132102966,3.899353265762329,0,inf,3,0,0,3,3,0.07390618841150966,0.07390618841150966,0.07390618841150966,0.07390618841150966,
79,169.69868874549866,0.07390618841150966,3000,40592,0.5327002242855758,-0.6992204785346985,-0.5086238384246826,3.9114537239074707,0,inf,3,0,0,3,3,0.07390618841150966,0.07390618841150966,0.07390618841150966,0.07390618841150966,
80,171.7164912223816,0.07390618841150966,3000,40592,0.5499068738269633,-0.7541629076004028,-0.5363229513168335,3.9359800815582275,0,inf,3,0,0,3,3,0.07390618841150966,0.07390618841150966,0.07390618841150966,0.07390618841150966,
81,173.73374271392822,0.07390618841150966,3000,40592,0.5043023662758741,-0.6814119219779968,-0.4950859248638153,3.9176888465881348,0,inf,3,0,0,3,3,0.07390618841150966,0.07390618841150966,0.07390618841150966,0.07390618841150966,
82,175.75383853912354,0.07390618841150966,3000,40592,0.5070454411464035,-0.7986060380935669,-0.572449266910553,3.9082486629486084,0,inf,3,0,0,3,3,0.07390618841150966,0.07390618841150966,0.07390618841150966,0.07390618841150966,
83,177.7699522972107,0.07390618841150966,3000,40592,0.5084632208465555,-0.8512753844261169,-0.6383834481239319,3.8917551040649414,0,inf,3,0,0,3,3,0.07390618841150966,0.07390618841150966,0.07390618841150966,0.07390618841150966,
84,179.79699873924255,0.07390618841150966,3000,40592,0.49720634303586686,-0.8211585879325867,-0.53129643201828,3.892277240753174,0,inf,3,0,0,3,3,0.07390618841150966,0.07390618841150966,0.07390618841150966,0.07390618841150966,
85,181.8117790222168,0.07390618841150966,3000,40592,0.508208069175184,-0.8202328681945801,-0.475507915019989,3.90567946434021,0,inf,3,0,0,3,3,0.07390618841150966,0.07390618841150966,0.07390618841150966,0.07390618841150966,
86,183.8301899433136,0.07390618841150966,3000,40592,0.5004377684630685,-0.8690133094787598,-0.43574053049087524,3.9588048458099365,0,inf,3,0,0,3,3,0.07390618841150966,0.07390618841150966,0.07390618841150966,0.07390618841150966,
87,185.84638690948486,0.07390618841150966,3000,40592,0.48360219397865983,-0.8468228578567505,-0.5813292860984802,3.8598930835723877,0,inf,3,0,0,3,3,0.07390618841150966,0.07390618841150966,0.07390618841150966,0.07390618841150966,
88,187.86026644706726,0.07390618841150966,3000,40592,0.49552736041609496,-0.8192288279533386,-0.6623846888542175,3.928088903427124,0,inf,3,0,0,3,3,0.07390618841150966,0.07390618841150966,0.07390618841150966,0.07390618841150966,
89,189.87702417373657,0.07390618841150966,3000,40592,0.5043988164888439,-0.8159663081169128,-0.644189178943634,3.9021828174591064,0,inf,3,0,0,3,3,0.07390618841150966,0.07390618841150966,0.07390618841150966,0.07390618841150966,
90,191.890860080719,0.07390618841150966,3000,40592,0.5329328122199798,-0.7725538015365601,-0.737027645111084,3.992155075073242,0,inf,3,0,0,3,3,0.07390618841150966,0.07390618841150966,0.07390618841150966,0.07390618841150966,
91,193.90882682800293,0.07390618841150966,3000,40592,0.5526370738060615,-0.7345359921455383,-0.8046244978904724,4.013392925262451,0,inf,3,0,0,3,3,0.07390618841150966,0.07390618841150966,0.07390618841150966,0.07390618841150966,
92,195.91985201835632,0.07390618841150966,3000,40592,0.5969012944760604,-0.71547532081604,-0.7768584489822388,4.056156635284424,0,inf,3,0,0,3,3,0.07390618841150966,0.07390618841150966,0.07390618841150966,0.07390618841150966,
93,197.93940901756287,0.07390618841150966,3000,40592,0.6024436866182876,-0.7074677348136902,-0.7523231506347656,4.046846866607666,0,inf,3,0,0,3,3,0.07390618841150966,0.07390618841150966,0.07390618841150966,0.07390618841150966,
94,199.957355260849,0.07390618841150966,3000,40592,0.6690153123893989,-0.8310522437095642,-0.5100337862968445,4.095088958740234,0,inf,3,0,0,3,3,0.07390618841150966,0.07390618841150966,0.07390618841150966,0.07390618841150966,
95,201.9762578010559,0.07390618841150966,3000,40592,0.7362493191141504,-0.8722454905509949,-0.3871932625770569,4.11793851852417,0,inf,4,0,0,3,3,0.07390618841150966,0.07390618841150966,0.07390618841150966,0.07390618841150966,
96,203.99913382530212,0.07390618841150966,3000,40592,0.7149881511135073,-0.8488006591796875,-0.5418733358383179,4.1397857666015625,0,inf,4,0,0,3,3,0.07390618841150966,0.07390618841150966,0.07390618841150966,0.07390618841150966,
97,206.01791715621948,0.07390618841150966,3000,40592,0.7149881511135073,-0.9523804187774658,-0.5143522620201111,4.168118476867676,0,inf,4,0,0,3,3,0.07390618841150966,0.07390618841150966,0.07390618841150966,0.07390618841150966,
98,208.03798866271973,0.07390618841150966,3000,40592,0.7213911823945421,-0.815389096736908,-0.49362069368362427,4.1458659172058105,0,inf,4,0,0,3,3,0.07390618841150966,0.07390618841150966,0.07390618841150966,0.07390618841150966,
99,210.0569190979004,0.07390618841150966,3000,40592,0.7047529294413114,-0.8301751613616943,-0.47872990369796753,4.0850653648376465,0,inf,4,0,0,3,3,0.07390618841150966,0.07390618841150966,0.07390618841150966,0.07390618841150966,
100,212.07437348365784,0.07390618841150966,3000,40592,0.6874377743730138,-0.8762943744659424,-0.5477211475372314,4.100009918212891,0,inf,4,0,0,3,3,0.07390618841150966,0.07390618841150966,0.07390618841150966,0.07390618841150966,
101,214.11407732963562,0.07390618841150966,3000,40592,0.7371789258815759,-0.7818736433982849,-0.5642854571342468,4.107511043548584,0,inf,4,0,0,3,3,0.07390618841150966,0.07390618841150966,0.07390618841150966,0.07390618841150966,
102,216.13162279129028,0.07390618841150966,3000,40592,0.7034674278467422,-0.7844308018684387,-0.5006035566329956,4.129639625549316,0,inf,4,0,0,3,3,0.07390618841150966,0.07390618841150966,0.07390618841150966,0.07390618841150966,
103,218.14880681037903,0.07390618841150966,3000,40592,0.7166856888490869,-0.8343821167945862,-0.4627590775489807,4.142576694488525,0,inf,4,0,0,3,3,0.07390618841150966,0.07390618841150966,0.07390618841150966,0.07390618841150966,
104,220.16425442695618,0.07390618841150966,3000,40592,0.7261894935916369,-0.8427357077598572,-0.5028471350669861,4.152225494384766,0,inf,4,0,0,3,3,0.07390618841150966,0.07390618841150966,0.07390618841150966,0.07390618841150966,
105,222.1815595626831,0.07390618841150966,3000,40592,0.7261894935916369,-0.877909779548645,-0.4666047692298889,4.137009620666504,0,inf,4,0,0,3,3,0.07390618841150966,0.07390618841150966,0.07390618841150966,0.07390618841150966,
106,224.19878387451172,0.07390618841150966,3000,40592,0.7776786732966325,-0.812221348285675,-0.5415076017379761,4.114413738250732,0,inf,4,0,0,3,3,0.07390618841150966,0.07390618841150966,0.07390618841150966,0.07390618841150966,
107,226.22083473205566,0.07390618841150966,3000,40592,0.7589964434234006,-0.8338407874107361,-0.6068113446235657,4.137650966644287,0,inf,4,0,0,3,3,0.07390618841150966,0.07390618841150966,0.07390618841150966,0.07390618841150966,
108,228.23675918579102,0.07390618841150966,3000,40592,0.7040977651760831,-0.814856231212616,-0.5711466073989868,4.063266754150391,0,inf,4,0,0,3,3,0.07390618841150966,0.07390618841150966,0.07390618841150966,0.07390618841150966,
109,230.2587013244629,0.07390618841150966,3000,40592,0.7444139275990708,-0.7949989438056946,-0.5337573885917664,4.104595184326172,0,inf,4,0,0,3,3,0.07390618841150966,0.07390618841150966,0.07390618841150966,0.07390618841150966,
110,232.27287697792053,0.07390618841150966,3000,40592,0.7274068351780718,-0.7877567410469055,-0.5355798006057739,4.043713092803955,0,inf,4,0,0,3,3,0.07390618841150966,0.07390618841150966,0.07390618841150966,0.07390618841150966,
111,234.28926825523376,0.07390618841150966,3000,40592,0.6844884163681954,-0.9041261076927185,-0.5355859994888306,4.077367782592773,0,inf,4,0,0,3,3,0.07390618841150966,0.07390618841150966,0.07390618841150966,0.07390618841150966,
112,236.30774903297424,0.07390618841150966,3000,40592,0.7038244317929072,-0.8052157759666443,-0.5627023577690125,4.100155830383301,0,inf,4,0,0,3,3,0.07390618841150966,0.07390618841150966,0.07390618841150966,0.07390618841150966,
113,238.3281831741333,0.07390618841150966,3000,40592,0.69984284789039,-0.898215115070343,-0.4918856918811798,4.073713302612305,0,inf,4,0,0,3,3,0.07390618841150966,0.07390618841150966,0.07390618841150966,0.07390618841150966,
114,240.34216856956482,0.07390618841150966,3000,40592,0.6581245370537281,-0.7950559854507446,-0.5839511752128601,4.026214122772217,0,inf,4,0,0,3,3,0.07390618841150966,0.07390618841150966,0.07390618841150966,0.07390618841150966,
115,242.3657238483429,0.07390618841150966,3000,40592,0.6209545030762568,-0.8049025535583496,-0.6261135339736938,4.010373115539551,0,inf,5,0,0,3,3,0.07390618841150966,0.07390618841150966,0.07390618841150966,0.07390618841150966,
116,244.3910050392151,0.07390618841150966,3000,40592,0.6024863573361734,-0.848002552986145,-0.7075546979904175,3.968132495880127,0,inf,5,0,0,3,3,0.07390618841150966,0.07390618841150966,0.07390618841150966,0.07390618841150966,
117,246.41698002815247,0.07390618841150966,3000,40592,0.5829816037642567,-0.8829482197761536,-0.7313722372055054,3.964764356613159,0,inf,5,0,0,3,3,0.07390618841150966,0.07390618841150966,0.07390618841150966,0.07390618841150966,
118,248.43317985534668,0.07390618841150966,3000,40592,0.5361355337948316,-0.9602810740470886,-0.752035915851593,3.8762505054473877,0,inf,5,0,0,3,3,0.07390618841150966,0.07390618841150966,0.07390618841150966,0.07390618841150966,
119,250.45064115524292,0.07390618841150966,3000,40592,0.5273475552998739,-0.9813817739486694,-0.6997227668762207,3.9103586673736572,0,inf,5,0,0,3,3,0.07390618841150966,0.07390618841150966,0.07390618841150966,0.07390618841150966,
120,253.9294195175171,0.07634509262908948,3099,40592,0.31371446758880633,-1.004276990890503,-0.6691896915435791,2.8754265308380127,0,inf,5,0,99,2,4,0.07390618841150966,0.07390618841150966,0.08366180528182893,0.07390618841150966,
121,255.94955706596375,0.07747832085139929,3145,40592,0.30426882550215123,-0.8358634114265442,-0.5358597040176392,2.826308488845825,0,inf,5,0,46,2,4,0.07390618841150966,0.07390618841150966,0.08819471817106819,0.07390618841150966,
122,257.9704179763794,0.0787214208615445,3209,40764,0.26574960911517614,-0.8125658631324768,-0.5305308699607849,2.8100006580352783,0,inf,5,0,64,2,4,0.07390618841150966,0.07390618841150966,0.09292635658914729,0.07390618841150966,
123,259.9923417568207,0.0795800215876754,3244,40764,0.24925346528355583,-0.7974130511283875,-0.5415586233139038,2.816741943359375,0,inf,5,0,35,2,4,0.07390618841150966,0.07390618841150966,0.09631782945736433,0.07390618841150966,
124,262.0107765197754,0.0795800215876754,3244,40764,0.24925346528355583,-0.8022559285163879,-0.5070638060569763,2.7841522693634033,0,inf,5,0,0,2,4,0.07390618841150966,0.07390618841150966,0.09631782945736433,0.07390618841150966,
125,264.4276134967804,0.08058581100971446,3285,40764,0.22764253635736703,-0.7388818860054016,-0.48813968896865845,2.7705206871032715,0,inf,5,0,41,2,4,0.07390618841150966,0.07390618841150966,0.1002906976744186,0.07390618841150966,
126,268.84755396842957,0.08065940535766854,3288,40764,0.23287713427225115,-0.7215176820755005,-0.49463868141174316,2.801673412322998,0,inf,5,0,3,2,4,0.07390618841150966,0.07390618841150966,0.10058139534883721,0.07390618841150966,
127,270.86266016960144,0.08068393680698656,3289,40764,0.24168467073631658,-0.7596379518508911,-0.5331978797912598,2.8639914989471436,0,inf,5,0,1,2,4,0.07390618841150966,0.07390618841150966,0.10067829457364341,0.07390618841150966,
128,272.8812413215637,0.0811990972426651,3310,40764,0.23452918251838042,-0.826988160610199,-0.5560728907585144,2.7807059288024902,0,inf,5,0,21,2,4,0.07390618841150966,0.07390618841150966,0.10271317829457365,0.07390618841150966,
129,275.2981743812561,0.08134628593857325,3316,40764,0.23578984622792598,-0.8458247184753418,-0.4907129406929016,2.820227861404419,0,inf,5,0,6,2,4,0.07390618841150966,0.07390618841150966,0.10329457364341085,0.07390618841150966,
130,277.31677436828613,0.08134628593857325,3316,40764,0.23578984622792598,-0.8638327717781067,-0.5052041411399841,2.7788984775543213,0,inf,5,0,0,2,4,0.07390618841150966,0.07390618841150966,0.10329457364341085,0.07390618841150966,
131,282.3376202583313,0.08107643999607497,3305,40764,0.2546311061483916,-0.9286074042320251,-0.5357193350791931,2.821981191635132,0,inf,5,0,0,2,4,0.07390618841150966,0.07390618841150966,0.10222868217054264,0.07390618841150966,
132,284.36116099357605,0.0807357826851671,3305,40936,0.2542488730521673,-0.7258250117301941,-0.6116927266120911,2.816969394683838,0,inf,5,0,0,2,4,0.07390618841150966,0.07390618841150966,0.10055280213495997,0.07390618841150966,
133,286.37654662132263,0.08098006644518273,3315,40936,0.26779048050757526,-0.7743287086486816,-0.5574368834495544,2.896993637084961,0,inf,5,0,10,2,4,0.07390618841150966,0.07390618841150966,0.10150590926420129,0.07390618841150966,
134,288.38918566703796,0.08098006644518273,3315,40936,0.26232667463739423,-0.832756757736206,-0.5730991363525391,2.8818845748901367,0,inf,5,0,0,2,4,0.07390618841150966,0.07390618841150966,0.10150590926420129,0.07390618841150966,
135,290.4099872112274,0.0809312096931796,3313,40936,0.25575125275023797,-0.8673431873321533,-0.5073966979980469,2.867157459259033,0,inf,6,0,0,2,4,0.07390618841150966,0.07390618841150966,0.10131528783835303,0.07390618841150966,
136,292.4309244155884,0.0809312096931796,3313,40936,0.2523730869729321,-0.9177826046943665,-0.41264501214027405,2.846665859222412,0,inf,6,0,0,2,4,0.07390618841150966,0.07390618841150966,0.10131528783835303,0.07390618841150966,
137,294.44465351104736,0.0809312096931796,3313,40936,0.2557293709787926,-0.809488832950592,-0.4945349097251892,2.9084975719451904,0,inf,6,0,0,2,4,0.07390618841150966,0.07390618841150966,0.10131528783835303,0.07390618841150966,
138,296.4616689682007,0.0809312096931796,3313,40936,0.2557293709787926,-0.7832051515579224,-0.5113081932067871,2.91664981842041,0,inf,6,0,0,2,4,0.07390618841150966,0.07390618841150966,0.10131528783835303,0.07390618841150966,
139,298.4825520515442,0.0809312096931796,3313,40936,0.25489434082187273,-0.8079940676689148,-0.4969438314437866,2.8616278171539307,0,inf,6,0,0,2,4,0.07390618841150966,0.07390618841150966,0.10131528783835303,0.07390618841150966,
140,300.4971718788147,0.0809312096931796,3313,40936,0.2782330745792336,-0.8290014266967773,-0.44520699977874756,2.993361711502075,0,inf,6,0,0,2,4,0.07390618841150966,0.07390618841150966,0.10131528783835303,0.07390618841150966,
141,304.37024664878845,0.08781492248062016,3625,41280,0.4547383838492478,-0.9196668863296509,-0.5347206592559814,3.945556402206421,0,inf,6,0,312,3,5,0.07390618841150966,0.07390618841150966,0.10131528783835303,0.10121997712542889,
142,306.3890452384949,0.08793604651162791,3630,41280,0.48200077292904403,-0.8037869930267334,-0.5356550812721252,3.9574248790740967,0,inf,6,0,5,3,5,0.07390618841150966,0.07390618841150966,0.10131528783835303,0.10169653069004957,
143,308.4049677848816,0.08793604651162791,3630,41280,0.48200077292904403,-0.8312644958496094,-0.5225533843040466,3.9739179611206055,0,inf,6,0,0,3,5,0.07390618841150966,0.07390618841150966,0.10131528783835303,0.10169653069004957,
144,310.42193150520325,0.08791182170542636,3629,41280,0.48477527818402594,-0.8499740958213806,-0.5041041374206543,3.95222544670105,0,inf,6,0,0,3,5,0.07390618841150966,0.07390618841150966,0.10131528783835303,0.10160121997712543,
145,312.4406454563141,0.08791182170542636,3629,41280,0.489485396536366,-0.8621311187744141,-0.44217148423194885,3.9244868755340576,0,inf,6,0,0,3,5,0.07390618841150966,0.07390618841150966,0.10131528783835303,0.10160121997712543,
146,314.4585208892822,0.0878875968992248,3628,41280,0.48884147632545366,-0.7782889008522034,-0.49975237250328064,3.8955068588256836,0,inf,6,0,0,3,5,0.07390618841150966,0.07390618841150966,0.10131528783835303,0.10150590926420129,
147,316.4772102832794,0.08793604651162791,3630,41280,0.44935852544766286,-0.7700722813606262,-0.4811372756958008,3.9143271446228027,0,inf,6,0,2,3,5,0.07390618841150966,0.07390618841150966,0.10131528783835303,0.10169653069004957,
148,318.4977922439575,0.087984496124031,3632,41280,0.4246305976156579,-0.7522116303443909,-0.5018259882926941,3.872084140777588,0,inf,6,0,2,3,5,0.07390618841150966,0.07390618841150966,0.10131528783835303,0.10188715211589783,
149,320.51156091690063,0.087984496124031,3632,41280,0.4246305976156579,-0.7383794188499451,-0.5440564155578613,3.947756290435791,0,inf,6,0,0,3,5,0.07390618841150966,0.07390618841150966,0.10131528783835303,0.10188715211589783,
150,322.5258276462555,0.087984496124031,3632,41280,0.45832614885521733,-0.7524584531784058,-0.649133563041687,3.8734731674194336,0,inf,6,0,0,3,5,0.07390618841150966,0.07390618841150966,0.10131528783835303,0.10188715211589783,
151,324.5447175502777,0.087984496124031,3632,41280,0.4653047602220243,-0.8558422923088074,-0.5886529088020325,3.9029130935668945,0,inf,6,0,0,3,5,0.07390618841150966,0.07390618841150966,0.10131528783835303,0.10188715211589783,
152,326.5611469745636,0.087984496124031,3632,41280,0.4826245426504623,-0.8752400279045105,-0.6184598207473755,3.952373743057251,0,inf,6,0,0,3,5,0.07390618841150966,0.07390618841150966,0.10131528783835303,0.10188715211589783,
153,328.58120036125183,0.087984496124031,3632,41280,0.47733327172414197,-0.8082764744758606,-0.6202426552772522,3.95743465423584,0,inf,6,0,0,3,5,0.07390618841150966,0.07390618841150966,0.10131528783835303,0.10188715211589783,
154,330.6086926460266,0.0878875968992248,3628,41280,0.4831113844118518,-0.7847422957420349,-0.6899994611740112,3.9370641708374023,0,inf,6,0,0,3,5,0.07390618841150966,0.07390618841150966,0.10131528783835303,0.10150590926420129,
155,332.6295893192291,0.0878875968992248,3628,41280,0.4995741884682671,-0.7578197717666626,-0.7903487682342529,3.944110155105591,0,inf,6,0,0,3,5,0.07390618841150966,0.07390618841150966,0.10131528783835303,0.10150590926420129,
156,334.65503907203674,0.0878875968992248,3628,41280,0.4720779564957789,-0.7199286818504333,-0.9574611783027649,3.9022674560546875,0,inf,6,0,0,3,5,0.07390618841150966,0.07390618841150966,0.10131528783835303,0.10150590926420129,
157,336.6797032356262,0.08791182170542636,3629,41280,0.4571143753798409,-0.6439977288246155,-0.9626639485359192,3.915673017501831,0,inf,7,0,1,3,5,0.07390618841150966,0.07390618841150966,0.10131528783835303,0.10160121997712543,
158,338.69819927215576,0.08791182170542636,3629,41280,0.44264877242326944,-0.5913984179496765,-0.9044764041900635,3.8558459281921387,0,inf,7,0,0,3,5,0.07390618841150966,0.07390618841150966,0.10131528783835303,0.10160121997712543,
159,340.7167947292328,0.08791182170542636,3629,41280,0.44264877242326944,-0.5651808381080627,-0.9039912819862366,3.851079225540161,0,inf,7,0,0,3,5,0.07390618841150966,0.07390618841150966,0.10131528783835303,0.10160121997712543,
160,342.7332158088684,0.08783914728682171,3626,41280,0.41589176582528303,-0.7602561116218567,-0.5711290836334229,3.8975634574890137,0,inf,7,0,0,3,5,0.07390618841150966,0.07390618841150966,0.10131528783835303,0.10131528783835303,
161,344.7494511604309,0.08803294573643411,3634,41280,0.37369557632316874,-0.7197785377502441,-0.5291918516159058,3.815746545791626,0,inf,7,0,8,3,5,0.07390618841150966,0.07390618841150966,0.10131528783835303,0.10207777354174609,
162,346.773149728775,0.08803294573643411,3634,41280,0.38407992987419626,-0.669339120388031,-0.5176088213920593,3.849874496459961,0,inf,7,0,0,3,5,0.07390618841150966,0.07390618841150966,0.10131528783835303,0.10207777354174609,
163,348.79171562194824,0.087984496124031,3632,41280,0.37836612121552254,-0.7820491194725037,-0.5779910683631897,3.8170158863067627,0,inf,7,0,0,3,5,0.07390618841150966,0.07390618841150966,0.10131528783835303,0.10188715211589783,
164,350.823086977005,0.087984496124031,3632,41280,0.38073853780402345,-0.8199586868286133,-0.6156671047210693,3.848179817199707,0,inf,7,0,0,3,5,0.07390618841150966,0.07390618841150966,0.10131528783835303,0.10188715211589783,
165,352.84068059921265,0.087984496124031,3632,41280,0.3876393181817421,-0.9244285225868225,-0.567203164100647,3.8137664794921875,0,inf,7,0,0,3,5,0.07390618841150966,0.07390618841150966,0.10131528783835303,0.10188715211589783,
166,354.85992670059204,0.08803294573643411,3634,41280,0.4024047200810079,-0.8466365933418274,-0.5560349822044373,3.842168092727661,0,inf,7,0,2,3,5,0.07390618841150966,0.07390618841150966,0.10131528783835303,0.10207777354174609,
167,356.8815884590149,0.08805717054263566,3635,41280,0.388540143635172,-0.8069125413894653,-0.4887895882129669,3.8243439197540283,0,inf,7,0,1,3,5,0.07390618841150966,0.07390618841150966,0.10131528783835303,0.10217308425467023,
168,358.90062141418457,0.08805717054263566,3635,41280,0.40404862254100066,-0.7648934721946716,-0.5438171625137329,3.8393032550811768,0,inf,7,0,0,3,5,0.07390618841150966,0.07390618841150966,0.10131528783835303,0.10217308425467023,
169,360.91903138160706,0.08808139534883722,3636,41280,0.4023466391352554,-0.7425615787506104,-0.5174069404602051,3.8741672039031982,0,inf,7,0,1,3,5,0.07390618841150966,0.07390618841150966,0.10131528783835303,0.10226839496759436,
170,362.9367461204529,0.08805717054263566,3635,41280,0.3926795196159552,-0.7686229348182678,-0.5164166688919067,3.874722480773926,0,inf,7,0,0,3,5,0.07390618841150966,0.07390618841150966,0.10131528783835303,0.10217308425467023,
171,364.9566402435303,0.08805717054263566,3635,41280,0.38820476922696434,-0.725705623626709,-0.47147658467292786,3.8516173362731934,0,inf,7,0,0,3,5,0.07390618841150966,0.07390618841150966,0.10131528783835303,0.10217308425467023,
172,366.98232674598694,0.08805717054263566,3635,41280,0.38145922796940507,-0.7995603084564209,-0.551895022392273,3.8416850566864014,0,inf,7,0,0,3,5,0.07390618841150966,0.07390618841150966,0.10131528783835303,0.10217308425467023,
173,369.01358938217163,0.08805717054263566,3635,41280,0.38145922796940507,-0.8604012727737427,-0.5566404461860657,3.835527181625366,0,inf,7,0,0,3,5,0.07390618841150966,0.07390618841150966,0.10131528783835303,0.10217308425467023,
174,371.03457903862,0.08805717054263566,3635,41280,0.38145922796940507,-0.8806931972503662,-0.52225261926651,3.827944755554199,0,inf,7,0,0,3,5,0.07390618841150966,0.07390618841150966,0.10131528783835303,0.10217308425467023,
175,373.0511384010315,0.08805717054263566,3635,41280,0.4080730658590572,-0.8078070282936096,-0.47039180994033813,3.8736932277679443,0,inf,7,0,0,3,5,0.07390618841150966,0.07390618841150966,0.10131528783835303,0.10217308425467023,
176,375.06903100013733,0.08805717054263566,3635,41280,0.40656830898487956,-0.8116081953048706,-0.5105046629905701,3.907912492752075,0,inf,7,0,0,3,5,0.07390618841150966,0.07390618841150966,0.10131528783835303,0.10217308425467023,
177,377.0908703804016,0.08805717054263566,3635,41280,0.41375423876941786,-0.8288422226905823,-0.43835508823394775,3.8375446796417236,0,inf,8,0,0,3,5,0.07390618841150966,0.07390618841150966,0.10131528783835303,0.10217308425467023,
178,379.10442328453064,0.08805717054263566,3635,41280,0.4211040290858285,-0.7680026888847351,-0.5201556086540222,3.856099843978882,0,inf,8,0,0,3,5,0.07390618841150966,0.07390618841150966,0.10131528783835303,0.10217308425467023,
179,381.1221923828125,0.08805717054263566,3635,41280,0.4211040290858285,-0.7401323318481445,-0.5413100719451904,3.939279317855835,0,inf,8,0,0,3,5,0.07390618841150966,0.07390618841150966,0.10131528783835303,0.10217308425467023,
180,383.14064168930054,0.08805717054263566,3635,41280,0.4463289655776584,-0.7109006643295288,-0.6371859312057495,3.9028334617614746,0,inf,8,0,0,3,5,0.07390618841150966,0.07390618841150966,0.10131528783835303,0.10217308425467023,
181,386.618967294693,0.08943798449612403,3692,41280,0.3019264966422238,-0.7403707504272461,-0.5926638841629028,2.938066005706787,0,inf,8,0,57,2,6,0.07390618841150966,0.07390618841150966,0.1067479984750286,0.10217308425467023,
182,388.6375410556793,0.08943798449612403,3692,41280,0.3019264966422238,-0.8194960951805115,-0.613054096698761,2.8763811588287354,0,inf,8,0,0,2,6,0.07390618841150966,0.07390618841150966,0.1067479984750286,0.10217308425467023,
183,390.65378737449646,0.08943798449612403,3692,41280,0.3067197882517695,-0.7977001667022705,-0.5682093501091003,2.871201515197754,0,inf,8,0,0,2,6,0.07390618841150966,0.07390618841150966,0.1067479984750286,0.10217308425467023,
184,392.67589569091797,0.08946220930232558,3693,41280,0.29260963240428256,-0.7797211408615112,-0.6073436737060547,2.9484708309173584,0,inf,8,0,1,2,6,0.07390618841150966,0.07390618841150966,0.10684330918795272,0.10217308425467023,
185,394.70120120048523,0.08946220930232558,3693,41280,0.30269256461030697,-0.7530449628829956,-0.5260604619979858,2.892759323120117,0,inf,8,0,0,2,6,0.07390618841150966,0.07390618841150966,0.10684330918795272,0.10217308425467023,
186,396.7306430339813,0.08946220930232558,3693,41280,0.29416501144115964,-0.6481415629386902,-0.52824467420578,2.9024410247802734,0,inf,8,0,0,2,6,0.07390618841150966,0.07390618841150966,0.10684330918795272,0.10217308425467023,
187,398.7527449131012,0.08943798449612403,3692,41280,0.30316164274061036,-0.7146849036216736,-0.5713276267051697,2.894806385040283,0,inf,8,0,0,2,6,0.07390618841150966,0.07390618841150966,0.1067479984750286,0.10217308425467023,
188,400.7669868469238,0.08943798449612403,3692,41280,0.3169800924022955,-0.7211213707923889,-0.5548311471939087,2.892638921737671,0,inf,8,0,0,2,6,0.07390618841150966,0.07390618841150966,0.1067479984750286,0.10217308425467023,
189,402.782199382782,0.08943798449612403,3692,41280,0.3169800924022955,-0.7063577175140381,-0.5729383230209351,2.914551258087158,0,inf,8,0,0,2,6,0.07390618841150966,0.07390618841150966,0.1067479984750286,0.10217308425467023,
190,404.7985289096832,0.08943798449612403,3692,41280,0.32201720991901994,-0.6851813793182373,-0.5699905753135681,2.899324893951416,0,inf,8,0,0,2,6,0.07390618841150966,0.07390618841150966,0.1067479984750286,0.10217308425467023,
191,406.8177978992462,0.08943798449612403,3692,41280,0.33106603531669765,-0.7480109930038452,-0.5475085377693176,2.8614494800567627,0,inf,8,0,0,2,6,0.07390618841150966,0.07390618841150966,0.1067479984750286,0.10217308425467023,
192,408.83957529067993,0.08943798449612403,3692,41280,0.33106603531669765,-0.7834144234657288,-0.5622270107269287,2.8443617820739746,0,inf,8,0,0,2,6,0.07390618841150966,0.07390618841150966,0.1067479984750286,0.10217308425467023,
193,410.85594964027405,0.08943798449612403,3692,41280,0.3637498514072684,-0.8336670398712158,-0.5607970952987671,2.84562349319458,0,inf,8,0,0,2,6,0.07390618841150966,0.07390618841150966,0.1067479984750286,0.10217308425467023,
194,412.87255454063416,0.08943798449612403,3692,41280,0.38470696199824506,-0.8557997941970825,-0.5104914307594299,2.831620454788208,0,inf,8,0,0,2,6,0.07390618841150966,0.07390618841150966,0.1067479984750286,0.10217308425467023,
195,414.9018542766571,0.08943798449612403,3692,41280,0.38470696199824506,-0.850212574005127,-0.4932897686958313,2.8591532707214355,0,inf,8,0,0,2,6,0.07390618841150966,0.07390618841150966,0.1067479984750286,0.10217308425467023,
196,416.91955161094666,0.08943798449612403,3692,41280,0.38470696199824506,-0.8913111090660095,-0.5051249265670776,2.901615619659424,0,inf,8,0,0,2,6,0.07390618841150966,0.07390618841150966,0.1067479984750286,0.10217308425467023,
197,418.93878865242004,0.08943798449612403,3692,41280,0.38470696199824506,-0.8916472792625427,-0.47637706995010376,2.902116060256958,0,inf,8,0,0,2,6,0.07390618841150966,0.07390618841150966,0.1067479984750286,0.10217308425467023,
198,420.95337677001953,0.08943798449612403,3692,41280,0.38470696199824506,-0.8905453681945801,-0.5393193960189819,2.9075379371643066,0,inf,8,0,0,2,6,0.07390618841150966,0.07390618841150966,0.1067479984750286,0.10217308425467023,
199,422.9755799770355,0.08946220930232558,3693,41280,0.3198140052211633,-0.8368416428565979,-0.5719410181045532,2.8544981479644775,0,inf,8,0,1,2,6,0.07390618841150966,0.07390618841150966,0.10684330918795272,0.10217308425467023,
200,424.9918620586395,0.08946220930232558,3693,41280,0.3198140052211633,-0.7688777446746826,-0.5536932349205017,2.906856060028076,0,inf,8,0,0,2,6,0.07390618841150966,0.07390618841150966,0.10684330918795272,0.10217308425467023,
